"id","product_id","feature_name","feature_description"
"1","1","Lamb pig rooster sheep.","Forage Harvester rakes railroad, squeal outlaw frontier."
"2","1","Lamb pig rooster sheep.","Forage Harvester rakes railroad, squeal outlaw frontier."
"3","2","ranch outlaw cucumbers miner 49er sunflower wheat in pig.","Forage Harvester rakes railroad, squeal outlaw frontier."
"4","2","railroad baa ostriches owls.","Forage Harvester, bean and Silage dump, cultivator brussel sprouts harrows, railroad dread with John Wayne augers harrows."
"5","2","Goose hammers deserttle rats in crows.","Baa potato donkey mouse, at gate gold nugget bins frontier. In miner 49er yearlings."
"6","3","railroad baa ostriches owls.","Forage Harvester, bean and Silage dump, cultivator brussel sprouts harrows, railroad dread with John Wayne augers harrows."
"7","3","revolver meow cheep chinchillas squeak, seeds maple syrup worms, potato alligators grunt.","Forage Harvester rakes railroad, squeal outlaw frontier."
"8","4","tumbleweed cucumbers rhubarb gourds waterminer 49er.","In miner 49er yearlings, stagecoachrs pumpkin are porky pig beef, sheep ranch outlaw sage, in pitch fork sunflower cowpies miner 49er. Pick up truck livestock, pets and storage shed, troughs feed ball."
"9","4","railroad baa ostriches owls.","Baa potato donkey mouse, at gate gold nugget bins frontier. In miner 49er yearlings."
"10","5","ranch outlaw cucumbers miner 49er sunflower wheat in pig.","Mooo desert daisys, grunt in mineshaft coo, windmill at bull. Gate wind, moonshine horses meow irrigation, with feed troughs cheep, or cabbage with pumpkin trees chicken."
"11","5","revolver meow cheep chinchillas squeak, seeds maple syrup worms, potato alligators grunt.","Forage Harvester, bean and Silage dump, cultivator brussel sprouts harrows, railroad dread with John Wayne augers harrows."
"12","5","revolver meow cheep chinchillas squeak, seeds maple syrup worms, potato alligators grunt.","desert chinchillas in barn livestock desert hogs chicks trucks. Mallet herbs basil nest, in welding equipment pens quail."
"13","6","stagecoach feed, jelly peppers at plow basil swather.","At pony. Feed in a frontier, a cowboy market. outlaw at spurs mushrooms railroad fort stagecoach."
"14","6","Quack hammers stagecoach is utters nails outlaw.","desert chinchillas in barn livestock desert hogs chicks trucks. Mallet herbs basil nest, in welding equipment pens quail."
"15","6","Goose hammers deserttle rats in crows.","Mooo desert daisys, grunt in mineshaft coo, windmill at bull. Gate wind, moonshine horses meow irrigation, with feed troughs cheep, or cabbage with pumpkin trees chicken."
"16","6","Lamb pig rooster sheep.","Forage Harvester, bean and Silage dump, cultivator brussel sprouts harrows, railroad dread with John Wayne augers harrows."
"17","6","railroad baa ostriches owls.","Forage Harvester, bean and Silage dump, cultivator brussel sprouts harrows, railroad dread with John Wayne augers harrows."
"18","6","tumbleweed cucumbers rhubarb gourds waterminer 49er.","desert chinchillas in barn livestock desert hogs chicks trucks. Mallet herbs basil nest, in welding equipment pens quail."
"19","7","revolver meow cheep chinchillas squeak, seeds maple syrup worms, potato alligators grunt.","desert chinchillas in barn livestock desert hogs chicks trucks. Mallet herbs basil nest, in welding equipment pens quail."
"20","7","Veterinarian at Seeder eggs with waterminer 49er ostriches.","Chainsaw foal hay hook, herbs at combine harvester, children is mallet."
"21","7","railroad baa ostriches owls.","desert chinchillas in barn livestock desert hogs chicks trucks. Mallet herbs basil nest, in welding equipment pens quail."
"22","7","Shovels.","Baa potato donkey mouse, at gate gold nugget bins frontier. In miner 49er yearlings."
"23","7","tumbleweed cucumbers rhubarb gourds waterminer 49er.","At pony. Feed in a frontier, a cowboy market. outlaw at spurs mushrooms railroad fort stagecoach."
"24","8","Lamb pig rooster sheep.","Forage Harvester, bean and Silage dump, cultivator brussel sprouts harrows, railroad dread with John Wayne augers harrows."
"25","8","Veterinarian at Seeder eggs with waterminer 49er ostriches.","Forage Harvester rakes railroad, squeal outlaw frontier."
"26","8","Goose hammers deserttle rats in crows.","In miner 49er yearlings, stagecoachrs pumpkin are porky pig beef, sheep ranch outlaw sage, in pitch fork sunflower cowpies miner 49er. Pick up truck livestock, pets and storage shed, troughs feed ball."
"27","8","Quack hammers stagecoach is utters nails outlaw.","Baa potato donkey mouse, at gate gold nugget bins frontier. In miner 49er yearlings."
"28","9","Shovels.","In miner 49er yearlings, stagecoachrs pumpkin are porky pig beef, sheep ranch outlaw sage, in pitch fork sunflower cowpies miner 49er. Pick up truck livestock, pets and storage shed, troughs feed ball."
"29","9","Shovels.","Baa potato donkey mouse, at gate gold nugget bins frontier. In miner 49er yearlings."
"30","9","Goose hammers deserttle rats in crows.","Forage Harvester, bean and Silage dump, cultivator brussel sprouts harrows, railroad dread with John Wayne augers harrows."
"31","9","Veterinarian at Seeder eggs with waterminer 49er ostriches.","Baa potato donkey mouse, at gate gold nugget bins frontier. In miner 49er yearlings."
"32","10","railroad baa ostriches owls.","Baa potato donkey mouse, at gate gold nugget bins frontier. In miner 49er yearlings."
"33","10","ranch outlaw cucumbers miner 49er sunflower wheat in pig.","Forage Harvester, bean and Silage dump, cultivator brussel sprouts harrows, railroad dread with John Wayne augers harrows."
"34","10","Lamb pig rooster sheep.","Forage Harvester, bean and Silage dump, cultivator brussel sprouts harrows, railroad dread with John Wayne augers harrows."
"35","10","Quack hammers stagecoach is utters nails outlaw.","Chainsaw foal hay hook, herbs at combine harvester, children is mallet."
"36","10","Shovels.","Baa potato donkey mouse, at gate gold nugget bins frontier. In miner 49er yearlings."
"37","11","stagecoach feed, jelly peppers at plow basil swather.","Chainsaw foal hay hook, herbs at combine harvester, children is mallet."
"38","11","Veterinarian at Seeder eggs with waterminer 49er ostriches.","Baa potato donkey mouse, at gate gold nugget bins frontier. In miner 49er yearlings."
"39","12","Veterinarian at Seeder eggs with waterminer 49er ostriches.","Chainsaw foal hay hook, herbs at combine harvester, children is mallet."
"40","12","Lamb pig rooster sheep.","In miner 49er yearlings, stagecoachrs pumpkin are porky pig beef, sheep ranch outlaw sage, in pitch fork sunflower cowpies miner 49er. Pick up truck livestock, pets and storage shed, troughs feed ball."
"41","12","Shovels.","Blue fort pigeons buzz and bean prairie dogs nails at est."
"42","12","Veterinarian at Seeder eggs with waterminer 49er ostriches.","Forage Harvester, bean and Silage dump, cultivator brussel sprouts harrows, railroad dread with John Wayne augers harrows."
"43","12","Quack hammers stagecoach is utters nails outlaw.","desert chinchillas in barn livestock desert hogs chicks trucks. Mallet herbs basil nest, in welding equipment pens quail."
"44","12","Shovels.","Owls. Shovels at rakes plows. mineshaft daisys eggs squeal, horses moonshine apples raising Mooo tractor plow. Hoot squeal moose quack."
"45","13","Lamb pig rooster sheep.","Chainsaw foal hay hook, herbs at combine harvester, children is mallet."
"46","13","stagecoach feed, jelly peppers at plow basil swather.","Baa potato donkey mouse, at gate gold nugget bins frontier. In miner 49er yearlings."
"47","13","railroad baa ostriches owls.","In miner 49er yearlings, stagecoachrs pumpkin are porky pig beef, sheep ranch outlaw sage, in pitch fork sunflower cowpies miner 49er. Pick up truck livestock, pets and storage shed, troughs feed ball."
"48","13","Shovels.","desert chinchillas in barn livestock desert hogs chicks trucks. Mallet herbs basil nest, in welding equipment pens quail."
"49","14","Shovels.","Forage Harvester, bean and Silage dump, cultivator brussel sprouts harrows, railroad dread with John Wayne augers harrows."
"50","14","Lamb pig rooster sheep.","Baa potato donkey mouse, at gate gold nugget bins frontier. In miner 49er yearlings."
"51","14","Quack hammers stagecoach is utters nails outlaw.","Forage Harvester, bean and Silage dump, cultivator brussel sprouts harrows, railroad dread with John Wayne augers harrows."
"52","14","Goose hammers deserttle rats in crows.","Mooo desert daisys, grunt in mineshaft coo, windmill at bull. Gate wind, moonshine horses meow irrigation, with feed troughs cheep, or cabbage with pumpkin trees chicken."
"53","14","Quack hammers stagecoach is utters nails outlaw.","At pony. Feed in a frontier, a cowboy market. outlaw at spurs mushrooms railroad fort stagecoach."
"54","14","railroad baa ostriches owls.","Forage Harvester rakes railroad, squeal outlaw frontier."
"55","15","revolver meow cheep chinchillas squeak, seeds maple syrup worms, potato alligators grunt.","Blue fort pigeons buzz and bean prairie dogs nails at est."
"56","15","railroad baa ostriches owls.","Chainsaw foal hay hook, herbs at combine harvester, children is mallet."
"57","15","Veterinarian at Seeder eggs with waterminer 49er ostriches.","In miner 49er yearlings, stagecoachrs pumpkin are porky pig beef, sheep ranch outlaw sage, in pitch fork sunflower cowpies miner 49er. Pick up truck livestock, pets and storage shed, troughs feed ball."
"58","15","Veterinarian at Seeder eggs with waterminer 49er ostriches.","Baa potato donkey mouse, at gate gold nugget bins frontier. In miner 49er yearlings."
"59","15","tumbleweed cucumbers rhubarb gourds waterminer 49er.","Mooo desert daisys, grunt in mineshaft coo, windmill at bull. Gate wind, moonshine horses meow irrigation, with feed troughs cheep, or cabbage with pumpkin trees chicken."
"60","15","railroad baa ostriches owls.","Forage Harvester rakes railroad, squeal outlaw frontier."
"61","16","ranch outlaw cucumbers miner 49er sunflower wheat in pig.","Swather, desert weathervane gold nugget trucks, hoot pony ranch railroad and John Wayne. Mooo desert daisys, grunt in mineshaft coo, windmill at bull. Fertilize."
"62","16","stagecoach feed, jelly peppers at plow basil swather.","Forage Harvester rakes railroad, squeal outlaw frontier."
"63","16","Fork sunflower cowpies miner 49er.","Blue fort pigeons buzz and bean prairie dogs nails at est."
"64","16","railroad baa ostriches owls.","Mooo desert daisys, grunt in mineshaft coo, windmill at bull. Gate wind, moonshine horses meow irrigation, with feed troughs cheep, or cabbage with pumpkin trees chicken."
"65","16","Fork sunflower cowpies miner 49er.","Mooo desert daisys, grunt in mineshaft coo, windmill at bull. Gate wind, moonshine horses meow irrigation, with feed troughs cheep, or cabbage with pumpkin trees chicken."
"66","16","Shovels.","Forage Harvester, bean and Silage dump, cultivator brussel sprouts harrows, railroad dread with John Wayne augers harrows."
"67","17","tumbleweed cucumbers rhubarb gourds waterminer 49er.","Forage Harvester rakes railroad, squeal outlaw frontier."
"68","17","tumbleweed cucumbers rhubarb gourds waterminer 49er.","Forage Harvester rakes railroad, squeal outlaw frontier."
"69","17","railroad baa ostriches owls.","Baa potato donkey mouse, at gate gold nugget bins frontier. In miner 49er yearlings."
"70","17","ranch outlaw cucumbers miner 49er sunflower wheat in pig.","Swather, desert weathervane gold nugget trucks, hoot pony ranch railroad and John Wayne. Mooo desert daisys, grunt in mineshaft coo, windmill at bull. Fertilize."
"71","17","Veterinarian at Seeder eggs with waterminer 49er ostriches.","desert chinchillas in barn livestock desert hogs chicks trucks. Mallet herbs basil nest, in welding equipment pens quail."
"72","17","Fork sunflower cowpies miner 49er.","Mooo desert daisys, grunt in mineshaft coo, windmill at bull. Gate wind, moonshine horses meow irrigation, with feed troughs cheep, or cabbage with pumpkin trees chicken."
"73","18","ranch outlaw cucumbers miner 49er sunflower wheat in pig.","desert chinchillas in barn livestock desert hogs chicks trucks. Mallet herbs basil nest, in welding equipment pens quail."
"74","18","Veterinarian at Seeder eggs with waterminer 49er ostriches.","Mooo desert daisys, grunt in mineshaft coo, windmill at bull. Gate wind, moonshine horses meow irrigation, with feed troughs cheep, or cabbage with pumpkin trees chicken."
"75","18","railroad baa ostriches owls.","desert chinchillas in barn livestock desert hogs chicks trucks. Mallet herbs basil nest, in welding equipment pens quail."
"76","19","revolver meow cheep chinchillas squeak, seeds maple syrup worms, potato alligators grunt.","Blue fort pigeons buzz and bean prairie dogs nails at est."
"77","19","Fork sunflower cowpies miner 49er.","Owls. Shovels at rakes plows. mineshaft daisys eggs squeal, horses moonshine apples raising Mooo tractor plow. Hoot squeal moose quack."
"78","20","ranch outlaw cucumbers miner 49er sunflower wheat in pig.","desert chinchillas in barn livestock desert hogs chicks trucks. Mallet herbs basil nest, in welding equipment pens quail."
"79","20","ranch outlaw cucumbers miner 49er sunflower wheat in pig.","Owls. Shovels at rakes plows. mineshaft daisys eggs squeal, horses moonshine apples raising Mooo tractor plow. Hoot squeal moose quack."
"80","21","Shovels.","At pony. Feed in a frontier, a cowboy market. outlaw at spurs mushrooms railroad fort stagecoach."
"81","21","Veterinarian at Seeder eggs with waterminer 49er ostriches.","Blue fort pigeons buzz and bean prairie dogs nails at est."
"82","21","Fork sunflower cowpies miner 49er.","Baa potato donkey mouse, at gate gold nugget bins frontier. In miner 49er yearlings."
"83","21","tumbleweed cucumbers rhubarb gourds waterminer 49er.","Forage Harvester, bean and Silage dump, cultivator brussel sprouts harrows, railroad dread with John Wayne augers harrows."
"84","21","railroad baa ostriches owls.","Blue fort pigeons buzz and bean prairie dogs nails at est."
"85","22","railroad baa ostriches owls.","Owls. Shovels at rakes plows. mineshaft daisys eggs squeal, horses moonshine apples raising Mooo tractor plow. Hoot squeal moose quack."
"86","22","Shovels.","Chainsaw foal hay hook, herbs at combine harvester, children is mallet."
"87","22","ranch outlaw cucumbers miner 49er sunflower wheat in pig.","Mooo desert daisys, grunt in mineshaft coo, windmill at bull. Gate wind, moonshine horses meow irrigation, with feed troughs cheep, or cabbage with pumpkin trees chicken."
"88","22","Veterinarian at Seeder eggs with waterminer 49er ostriches.","At pony. Feed in a frontier, a cowboy market. outlaw at spurs mushrooms railroad fort stagecoach."
"89","22","Lamb pig rooster sheep.","Forage Harvester rakes railroad, squeal outlaw frontier."
"90","23","Quack hammers stagecoach is utters nails outlaw.","At pony. Feed in a frontier, a cowboy market. outlaw at spurs mushrooms railroad fort stagecoach."
"91","23","railroad baa ostriches owls.","Blue fort pigeons buzz and bean prairie dogs nails at est."
"92","23","Quack hammers stagecoach is utters nails outlaw.","Mooo desert daisys, grunt in mineshaft coo, windmill at bull. Gate wind, moonshine horses meow irrigation, with feed troughs cheep, or cabbage with pumpkin trees chicken."
"93","24","ranch outlaw cucumbers miner 49er sunflower wheat in pig.","At pony. Feed in a frontier, a cowboy market. outlaw at spurs mushrooms railroad fort stagecoach."
"94","24","Veterinarian at Seeder eggs with waterminer 49er ostriches.","In miner 49er yearlings, stagecoachrs pumpkin are porky pig beef, sheep ranch outlaw sage, in pitch fork sunflower cowpies miner 49er. Pick up truck livestock, pets and storage shed, troughs feed ball."
"95","24","Goose hammers deserttle rats in crows.","desert chinchillas in barn livestock desert hogs chicks trucks. Mallet herbs basil nest, in welding equipment pens quail."
"96","24","Veterinarian at Seeder eggs with waterminer 49er ostriches.","Mooo desert daisys, grunt in mineshaft coo, windmill at bull. Gate wind, moonshine horses meow irrigation, with feed troughs cheep, or cabbage with pumpkin trees chicken."
"97","24","tumbleweed cucumbers rhubarb gourds waterminer 49er.","Mooo desert daisys, grunt in mineshaft coo, windmill at bull. Gate wind, moonshine horses meow irrigation, with feed troughs cheep, or cabbage with pumpkin trees chicken."
"98","25","ranch outlaw cucumbers miner 49er sunflower wheat in pig.","Chainsaw foal hay hook, herbs at combine harvester, children is mallet."
"99","25","Fork sunflower cowpies miner 49er.","Forage Harvester rakes railroad, squeal outlaw frontier."
"100","26","Shovels.","In miner 49er yearlings, stagecoachrs pumpkin are porky pig beef, sheep ranch outlaw sage, in pitch fork sunflower cowpies miner 49er. Pick up truck livestock, pets and storage shed, troughs feed ball."
"101","26","railroad baa ostriches owls.","Forage Harvester rakes railroad, squeal outlaw frontier."
"102","26","Shovels.","Swather, desert weathervane gold nugget trucks, hoot pony ranch railroad and John Wayne. Mooo desert daisys, grunt in mineshaft coo, windmill at bull. Fertilize."
"103","27","Fork sunflower cowpies miner 49er.","Swather, desert weathervane gold nugget trucks, hoot pony ranch railroad and John Wayne. Mooo desert daisys, grunt in mineshaft coo, windmill at bull. Fertilize."
"104","27","Shovels.","Forage Harvester rakes railroad, squeal outlaw frontier."
"105","28","Shovels.","Swather, desert weathervane gold nugget trucks, hoot pony ranch railroad and John Wayne. Mooo desert daisys, grunt in mineshaft coo, windmill at bull. Fertilize."
"106","28","Fork sunflower cowpies miner 49er.","desert chinchillas in barn livestock desert hogs chicks trucks. Mallet herbs basil nest, in welding equipment pens quail."
"107","28","Lamb pig rooster sheep.","Chainsaw foal hay hook, herbs at combine harvester, children is mallet."
"108","28","revolver meow cheep chinchillas squeak, seeds maple syrup worms, potato alligators grunt.","Swather, desert weathervane gold nugget trucks, hoot pony ranch railroad and John Wayne. Mooo desert daisys, grunt in mineshaft coo, windmill at bull. Fertilize."
"109","29","revolver meow cheep chinchillas squeak, seeds maple syrup worms, potato alligators grunt.","desert chinchillas in barn livestock desert hogs chicks trucks. Mallet herbs basil nest, in welding equipment pens quail."
"110","29","Goose hammers deserttle rats in crows.","Owls. Shovels at rakes plows. mineshaft daisys eggs squeal, horses moonshine apples raising Mooo tractor plow. Hoot squeal moose quack."
"111","29","railroad baa ostriches owls.","Owls. Shovels at rakes plows. mineshaft daisys eggs squeal, horses moonshine apples raising Mooo tractor plow. Hoot squeal moose quack."
"112","29","Lamb pig rooster sheep.","Blue fort pigeons buzz and bean prairie dogs nails at est."
"113","30","Goose hammers deserttle rats in crows.","Forage Harvester rakes railroad, squeal outlaw frontier."
"114","30","revolver meow cheep chinchillas squeak, seeds maple syrup worms, potato alligators grunt.","Swather, desert weathervane gold nugget trucks, hoot pony ranch railroad and John Wayne. Mooo desert daisys, grunt in mineshaft coo, windmill at bull. Fertilize."
"115","30","Goose hammers deserttle rats in crows.","Forage Harvester rakes railroad, squeal outlaw frontier."
"116","30","Goose hammers deserttle rats in crows.","Forage Harvester rakes railroad, squeal outlaw frontier."
"117","31","Quack hammers stagecoach is utters nails outlaw.","At pony. Feed in a frontier, a cowboy market. outlaw at spurs mushrooms railroad fort stagecoach."
"118","31","tumbleweed cucumbers rhubarb gourds waterminer 49er.","In miner 49er yearlings, stagecoachrs pumpkin are porky pig beef, sheep ranch outlaw sage, in pitch fork sunflower cowpies miner 49er. Pick up truck livestock, pets and storage shed, troughs feed ball."
"119","31","Veterinarian at Seeder eggs with waterminer 49er ostriches.","Forage Harvester rakes railroad, squeal outlaw frontier."
"120","31","stagecoach feed, jelly peppers at plow basil swather.","desert chinchillas in barn livestock desert hogs chicks trucks. Mallet herbs basil nest, in welding equipment pens quail."
"121","32","Veterinarian at Seeder eggs with waterminer 49er ostriches.","Blue fort pigeons buzz and bean prairie dogs nails at est."
"122","32","Fork sunflower cowpies miner 49er.","At pony. Feed in a frontier, a cowboy market. outlaw at spurs mushrooms railroad fort stagecoach."
"123","32","Shovels.","Forage Harvester, bean and Silage dump, cultivator brussel sprouts harrows, railroad dread with John Wayne augers harrows."
"124","33","Goose hammers deserttle rats in crows.","Blue fort pigeons buzz and bean prairie dogs nails at est."
"125","33","Quack hammers stagecoach is utters nails outlaw.","Forage Harvester rakes railroad, squeal outlaw frontier."
"126","33","ranch outlaw cucumbers miner 49er sunflower wheat in pig.","Blue fort pigeons buzz and bean prairie dogs nails at est."
"127","33","ranch outlaw cucumbers miner 49er sunflower wheat in pig.","Chainsaw foal hay hook, herbs at combine harvester, children is mallet."
"128","33","Goose hammers deserttle rats in crows.","Mooo desert daisys, grunt in mineshaft coo, windmill at bull. Gate wind, moonshine horses meow irrigation, with feed troughs cheep, or cabbage with pumpkin trees chicken."
"129","34","Lamb pig rooster sheep.","Chainsaw foal hay hook, herbs at combine harvester, children is mallet."
"130","34","Shovels.","At pony. Feed in a frontier, a cowboy market. outlaw at spurs mushrooms railroad fort stagecoach."
"131","34","ranch outlaw cucumbers miner 49er sunflower wheat in pig.","desert chinchillas in barn livestock desert hogs chicks trucks. Mallet herbs basil nest, in welding equipment pens quail."
"132","34","ranch outlaw cucumbers miner 49er sunflower wheat in pig.","Blue fort pigeons buzz and bean prairie dogs nails at est."
"133","34","Quack hammers stagecoach is utters nails outlaw.","Owls. Shovels at rakes plows. mineshaft daisys eggs squeal, horses moonshine apples raising Mooo tractor plow. Hoot squeal moose quack."
"134","34","Veterinarian at Seeder eggs with waterminer 49er ostriches.","Baa potato donkey mouse, at gate gold nugget bins frontier. In miner 49er yearlings."
"135","35","Lamb pig rooster sheep.","Owls. Shovels at rakes plows. mineshaft daisys eggs squeal, horses moonshine apples raising Mooo tractor plow. Hoot squeal moose quack."
"136","35","Goose hammers deserttle rats in crows.","In miner 49er yearlings, stagecoachrs pumpkin are porky pig beef, sheep ranch outlaw sage, in pitch fork sunflower cowpies miner 49er. Pick up truck livestock, pets and storage shed, troughs feed ball."
"137","36","Quack hammers stagecoach is utters nails outlaw.","Swather, desert weathervane gold nugget trucks, hoot pony ranch railroad and John Wayne. Mooo desert daisys, grunt in mineshaft coo, windmill at bull. Fertilize."
"138","36","Quack hammers stagecoach is utters nails outlaw.","Baa potato donkey mouse, at gate gold nugget bins frontier. In miner 49er yearlings."
"139","36","Shovels.","Baa potato donkey mouse, at gate gold nugget bins frontier. In miner 49er yearlings."
"140","37","Fork sunflower cowpies miner 49er.","desert chinchillas in barn livestock desert hogs chicks trucks. Mallet herbs basil nest, in welding equipment pens quail."
"141","37","ranch outlaw cucumbers miner 49er sunflower wheat in pig.","At pony. Feed in a frontier, a cowboy market. outlaw at spurs mushrooms railroad fort stagecoach."
"142","37","ranch outlaw cucumbers miner 49er sunflower wheat in pig.","At pony. Feed in a frontier, a cowboy market. outlaw at spurs mushrooms railroad fort stagecoach."
"143","37","Quack hammers stagecoach is utters nails outlaw.","Forage Harvester rakes railroad, squeal outlaw frontier."
"144","38","Goose hammers deserttle rats in crows.","At pony. Feed in a frontier, a cowboy market. outlaw at spurs mushrooms railroad fort stagecoach."
"145","38","Fork sunflower cowpies miner 49er.","At pony. Feed in a frontier, a cowboy market. outlaw at spurs mushrooms railroad fort stagecoach."
"146","39","Lamb pig rooster sheep.","Forage Harvester rakes railroad, squeal outlaw frontier."
"147","39","revolver meow cheep chinchillas squeak, seeds maple syrup worms, potato alligators grunt.","Chainsaw foal hay hook, herbs at combine harvester, children is mallet."
"148","39","Fork sunflower cowpies miner 49er.","Baa potato donkey mouse, at gate gold nugget bins frontier. In miner 49er yearlings."
"149","39","Shovels.","In miner 49er yearlings, stagecoachrs pumpkin are porky pig beef, sheep ranch outlaw sage, in pitch fork sunflower cowpies miner 49er. Pick up truck livestock, pets and storage shed, troughs feed ball."
"150","39","Veterinarian at Seeder eggs with waterminer 49er ostriches.","At pony. Feed in a frontier, a cowboy market. outlaw at spurs mushrooms railroad fort stagecoach."
"151","40","stagecoach feed, jelly peppers at plow basil swather.","Owls. Shovels at rakes plows. mineshaft daisys eggs squeal, horses moonshine apples raising Mooo tractor plow. Hoot squeal moose quack."
"152","40","tumbleweed cucumbers rhubarb gourds waterminer 49er.","Blue fort pigeons buzz and bean prairie dogs nails at est."
"153","41","tumbleweed cucumbers rhubarb gourds waterminer 49er.","At pony. Feed in a frontier, a cowboy market. outlaw at spurs mushrooms railroad fort stagecoach."
"154","41","railroad baa ostriches owls.","Mooo desert daisys, grunt in mineshaft coo, windmill at bull. Gate wind, moonshine horses meow irrigation, with feed troughs cheep, or cabbage with pumpkin trees chicken."
"155","41","Fork sunflower cowpies miner 49er.","Forage Harvester, bean and Silage dump, cultivator brussel sprouts harrows, railroad dread with John Wayne augers harrows."
"156","41","tumbleweed cucumbers rhubarb gourds waterminer 49er.","Blue fort pigeons buzz and bean prairie dogs nails at est."
"157","42","ranch outlaw cucumbers miner 49er sunflower wheat in pig.","Chainsaw foal hay hook, herbs at combine harvester, children is mallet."
"158","42","Veterinarian at Seeder eggs with waterminer 49er ostriches.","desert chinchillas in barn livestock desert hogs chicks trucks. Mallet herbs basil nest, in welding equipment pens quail."
"159","42","Lamb pig rooster sheep.","Chainsaw foal hay hook, herbs at combine harvester, children is mallet."
"160","42","stagecoach feed, jelly peppers at plow basil swather.","Forage Harvester rakes railroad, squeal outlaw frontier."
"161","43","ranch outlaw cucumbers miner 49er sunflower wheat in pig.","Swather, desert weathervane gold nugget trucks, hoot pony ranch railroad and John Wayne. Mooo desert daisys, grunt in mineshaft coo, windmill at bull. Fertilize."
"162","43","railroad baa ostriches owls.","Baa potato donkey mouse, at gate gold nugget bins frontier. In miner 49er yearlings."
"163","44","Shovels.","Owls. Shovels at rakes plows. mineshaft daisys eggs squeal, horses moonshine apples raising Mooo tractor plow. Hoot squeal moose quack."
"164","44","Lamb pig rooster sheep.","Forage Harvester rakes railroad, squeal outlaw frontier."
"165","44","stagecoach feed, jelly peppers at plow basil swather.","Owls. Shovels at rakes plows. mineshaft daisys eggs squeal, horses moonshine apples raising Mooo tractor plow. Hoot squeal moose quack."
"166","44","Shovels.","Owls. Shovels at rakes plows. mineshaft daisys eggs squeal, horses moonshine apples raising Mooo tractor plow. Hoot squeal moose quack."
"167","44","railroad baa ostriches owls.","desert chinchillas in barn livestock desert hogs chicks trucks. Mallet herbs basil nest, in welding equipment pens quail."
"168","44","Goose hammers deserttle rats in crows.","Swather, desert weathervane gold nugget trucks, hoot pony ranch railroad and John Wayne. Mooo desert daisys, grunt in mineshaft coo, windmill at bull. Fertilize."
"169","45","Quack hammers stagecoach is utters nails outlaw.","Mooo desert daisys, grunt in mineshaft coo, windmill at bull. Gate wind, moonshine horses meow irrigation, with feed troughs cheep, or cabbage with pumpkin trees chicken."
"170","45","stagecoach feed, jelly peppers at plow basil swather.","In miner 49er yearlings, stagecoachrs pumpkin are porky pig beef, sheep ranch outlaw sage, in pitch fork sunflower cowpies miner 49er. Pick up truck livestock, pets and storage shed, troughs feed ball."
"171","45","ranch outlaw cucumbers miner 49er sunflower wheat in pig.","Forage Harvester, bean and Silage dump, cultivator brussel sprouts harrows, railroad dread with John Wayne augers harrows."
"172","45","Veterinarian at Seeder eggs with waterminer 49er ostriches.","Swather, desert weathervane gold nugget trucks, hoot pony ranch railroad and John Wayne. Mooo desert daisys, grunt in mineshaft coo, windmill at bull. Fertilize."
"173","45","Quack hammers stagecoach is utters nails outlaw.","Forage Harvester rakes railroad, squeal outlaw frontier."
"174","45","Shovels.","Swather, desert weathervane gold nugget trucks, hoot pony ranch railroad and John Wayne. Mooo desert daisys, grunt in mineshaft coo, windmill at bull. Fertilize."
"175","46","Quack hammers stagecoach is utters nails outlaw.","Baa potato donkey mouse, at gate gold nugget bins frontier. In miner 49er yearlings."
"176","46","Quack hammers stagecoach is utters nails outlaw.","In miner 49er yearlings, stagecoachrs pumpkin are porky pig beef, sheep ranch outlaw sage, in pitch fork sunflower cowpies miner 49er. Pick up truck livestock, pets and storage shed, troughs feed ball."
"177","46","stagecoach feed, jelly peppers at plow basil swather.","Forage Harvester, bean and Silage dump, cultivator brussel sprouts harrows, railroad dread with John Wayne augers harrows."
"178","46","Fork sunflower cowpies miner 49er.","Chainsaw foal hay hook, herbs at combine harvester, children is mallet."
"179","47","revolver meow cheep chinchillas squeak, seeds maple syrup worms, potato alligators grunt.","In miner 49er yearlings, stagecoachrs pumpkin are porky pig beef, sheep ranch outlaw sage, in pitch fork sunflower cowpies miner 49er. Pick up truck livestock, pets and storage shed, troughs feed ball."
"180","47","Fork sunflower cowpies miner 49er.","desert chinchillas in barn livestock desert hogs chicks trucks. Mallet herbs basil nest, in welding equipment pens quail."
"181","47","revolver meow cheep chinchillas squeak, seeds maple syrup worms, potato alligators grunt.","Forage Harvester, bean and Silage dump, cultivator brussel sprouts harrows, railroad dread with John Wayne augers harrows."
"182","48","Lamb pig rooster sheep.","Baa potato donkey mouse, at gate gold nugget bins frontier. In miner 49er yearlings."
"183","48","stagecoach feed, jelly peppers at plow basil swather.","Baa potato donkey mouse, at gate gold nugget bins frontier. In miner 49er yearlings."
"184","48","Veterinarian at Seeder eggs with waterminer 49er ostriches.","Owls. Shovels at rakes plows. mineshaft daisys eggs squeal, horses moonshine apples raising Mooo tractor plow. Hoot squeal moose quack."
"185","48","revolver meow cheep chinchillas squeak, seeds maple syrup worms, potato alligators grunt.","desert chinchillas in barn livestock desert hogs chicks trucks. Mallet herbs basil nest, in welding equipment pens quail."
"186","48","Shovels.","Owls. Shovels at rakes plows. mineshaft daisys eggs squeal, horses moonshine apples raising Mooo tractor plow. Hoot squeal moose quack."
"187","48","ranch outlaw cucumbers miner 49er sunflower wheat in pig.","Forage Harvester, bean and Silage dump, cultivator brussel sprouts harrows, railroad dread with John Wayne augers harrows."
"188","49","tumbleweed cucumbers rhubarb gourds waterminer 49er.","Blue fort pigeons buzz and bean prairie dogs nails at est."
"189","49","Lamb pig rooster sheep.","Blue fort pigeons buzz and bean prairie dogs nails at est."
"190","49","ranch outlaw cucumbers miner 49er sunflower wheat in pig.","Owls. Shovels at rakes plows. mineshaft daisys eggs squeal, horses moonshine apples raising Mooo tractor plow. Hoot squeal moose quack."
"191","50","revolver meow cheep chinchillas squeak, seeds maple syrup worms, potato alligators grunt.","Forage Harvester, bean and Silage dump, cultivator brussel sprouts harrows, railroad dread with John Wayne augers harrows."
"192","50","Fork sunflower cowpies miner 49er.","Blue fort pigeons buzz and bean prairie dogs nails at est."
"193","50","Goose hammers deserttle rats in crows.","Owls. Shovels at rakes plows. mineshaft daisys eggs squeal, horses moonshine apples raising Mooo tractor plow. Hoot squeal moose quack."
"194","50","Lamb pig rooster sheep.","desert chinchillas in barn livestock desert hogs chicks trucks. Mallet herbs basil nest, in welding equipment pens quail."
"195","50","ranch outlaw cucumbers miner 49er sunflower wheat in pig.","At pony. Feed in a frontier, a cowboy market. outlaw at spurs mushrooms railroad fort stagecoach."
"196","51","ranch outlaw cucumbers miner 49er sunflower wheat in pig.","Blue fort pigeons buzz and bean prairie dogs nails at est."
"197","51","stagecoach feed, jelly peppers at plow basil swather.","Mooo desert daisys, grunt in mineshaft coo, windmill at bull. Gate wind, moonshine horses meow irrigation, with feed troughs cheep, or cabbage with pumpkin trees chicken."
"198","51","Shovels.","Baa potato donkey mouse, at gate gold nugget bins frontier. In miner 49er yearlings."
"199","52","revolver meow cheep chinchillas squeak, seeds maple syrup worms, potato alligators grunt.","Mooo desert daisys, grunt in mineshaft coo, windmill at bull. Gate wind, moonshine horses meow irrigation, with feed troughs cheep, or cabbage with pumpkin trees chicken."
"200","52","Quack hammers stagecoach is utters nails outlaw.","Forage Harvester rakes railroad, squeal outlaw frontier."
"201","52","railroad baa ostriches owls.","Chainsaw foal hay hook, herbs at combine harvester, children is mallet."
"202","52","ranch outlaw cucumbers miner 49er sunflower wheat in pig.","In miner 49er yearlings, stagecoachrs pumpkin are porky pig beef, sheep ranch outlaw sage, in pitch fork sunflower cowpies miner 49er. Pick up truck livestock, pets and storage shed, troughs feed ball."
"203","52","revolver meow cheep chinchillas squeak, seeds maple syrup worms, potato alligators grunt.","Swather, desert weathervane gold nugget trucks, hoot pony ranch railroad and John Wayne. Mooo desert daisys, grunt in mineshaft coo, windmill at bull. Fertilize."
"204","52","tumbleweed cucumbers rhubarb gourds waterminer 49er.","At pony. Feed in a frontier, a cowboy market. outlaw at spurs mushrooms railroad fort stagecoach."
"205","53","Fork sunflower cowpies miner 49er.","Baa potato donkey mouse, at gate gold nugget bins frontier. In miner 49er yearlings."
"206","53","tumbleweed cucumbers rhubarb gourds waterminer 49er.","Chainsaw foal hay hook, herbs at combine harvester, children is mallet."
"207","54","Fork sunflower cowpies miner 49er.","Swather, desert weathervane gold nugget trucks, hoot pony ranch railroad and John Wayne. Mooo desert daisys, grunt in mineshaft coo, windmill at bull. Fertilize."
"208","54","revolver meow cheep chinchillas squeak, seeds maple syrup worms, potato alligators grunt.","At pony. Feed in a frontier, a cowboy market. outlaw at spurs mushrooms railroad fort stagecoach."
"209","54","Goose hammers deserttle rats in crows.","Mooo desert daisys, grunt in mineshaft coo, windmill at bull. Gate wind, moonshine horses meow irrigation, with feed troughs cheep, or cabbage with pumpkin trees chicken."
"210","54","Fork sunflower cowpies miner 49er.","Forage Harvester rakes railroad, squeal outlaw frontier."
"211","55","Quack hammers stagecoach is utters nails outlaw.","Forage Harvester rakes railroad, squeal outlaw frontier."
"212","55","Quack hammers stagecoach is utters nails outlaw.","Forage Harvester rakes railroad, squeal outlaw frontier."
"213","55","revolver meow cheep chinchillas squeak, seeds maple syrup worms, potato alligators grunt.","Mooo desert daisys, grunt in mineshaft coo, windmill at bull. Gate wind, moonshine horses meow irrigation, with feed troughs cheep, or cabbage with pumpkin trees chicken."
"214","55","Veterinarian at Seeder eggs with waterminer 49er ostriches.","Owls. Shovels at rakes plows. mineshaft daisys eggs squeal, horses moonshine apples raising Mooo tractor plow. Hoot squeal moose quack."
"215","56","Shovels.","At pony. Feed in a frontier, a cowboy market. outlaw at spurs mushrooms railroad fort stagecoach."
"216","56","Fork sunflower cowpies miner 49er.","Mooo desert daisys, grunt in mineshaft coo, windmill at bull. Gate wind, moonshine horses meow irrigation, with feed troughs cheep, or cabbage with pumpkin trees chicken."
"217","56","Goose hammers deserttle rats in crows.","Owls. Shovels at rakes plows. mineshaft daisys eggs squeal, horses moonshine apples raising Mooo tractor plow. Hoot squeal moose quack."
"218","56","Shovels.","In miner 49er yearlings, stagecoachrs pumpkin are porky pig beef, sheep ranch outlaw sage, in pitch fork sunflower cowpies miner 49er. Pick up truck livestock, pets and storage shed, troughs feed ball."
"219","56","Fork sunflower cowpies miner 49er.","Blue fort pigeons buzz and bean prairie dogs nails at est."
"220","56","railroad baa ostriches owls.","Owls. Shovels at rakes plows. mineshaft daisys eggs squeal, horses moonshine apples raising Mooo tractor plow. Hoot squeal moose quack."
"221","57","Shovels.","Owls. Shovels at rakes plows. mineshaft daisys eggs squeal, horses moonshine apples raising Mooo tractor plow. Hoot squeal moose quack."
"222","57","Quack hammers stagecoach is utters nails outlaw.","desert chinchillas in barn livestock desert hogs chicks trucks. Mallet herbs basil nest, in welding equipment pens quail."
"223","57","Veterinarian at Seeder eggs with waterminer 49er ostriches.","Swather, desert weathervane gold nugget trucks, hoot pony ranch railroad and John Wayne. Mooo desert daisys, grunt in mineshaft coo, windmill at bull. Fertilize."
"224","58","Shovels.","desert chinchillas in barn livestock desert hogs chicks trucks. Mallet herbs basil nest, in welding equipment pens quail."
"225","58","revolver meow cheep chinchillas squeak, seeds maple syrup worms, potato alligators grunt.","Baa potato donkey mouse, at gate gold nugget bins frontier. In miner 49er yearlings."
"226","58","Shovels.","At pony. Feed in a frontier, a cowboy market. outlaw at spurs mushrooms railroad fort stagecoach."
"227","59","Veterinarian at Seeder eggs with waterminer 49er ostriches.","Owls. Shovels at rakes plows. mineshaft daisys eggs squeal, horses moonshine apples raising Mooo tractor plow. Hoot squeal moose quack."
"228","59","tumbleweed cucumbers rhubarb gourds waterminer 49er.","desert chinchillas in barn livestock desert hogs chicks trucks. Mallet herbs basil nest, in welding equipment pens quail."
"229","59","ranch outlaw cucumbers miner 49er sunflower wheat in pig.","Forage Harvester rakes railroad, squeal outlaw frontier."
"230","60","tumbleweed cucumbers rhubarb gourds waterminer 49er.","Owls. Shovels at rakes plows. mineshaft daisys eggs squeal, horses moonshine apples raising Mooo tractor plow. Hoot squeal moose quack."
"231","60","Quack hammers stagecoach is utters nails outlaw.","Mooo desert daisys, grunt in mineshaft coo, windmill at bull. Gate wind, moonshine horses meow irrigation, with feed troughs cheep, or cabbage with pumpkin trees chicken."
"232","60","Lamb pig rooster sheep.","Chainsaw foal hay hook, herbs at combine harvester, children is mallet."
"233","60","Goose hammers deserttle rats in crows.","Chainsaw foal hay hook, herbs at combine harvester, children is mallet."
"234","61","Shovels.","At pony. Feed in a frontier, a cowboy market. outlaw at spurs mushrooms railroad fort stagecoach."
"235","61","stagecoach feed, jelly peppers at plow basil swather.","desert chinchillas in barn livestock desert hogs chicks trucks. Mallet herbs basil nest, in welding equipment pens quail."
"236","61","Fork sunflower cowpies miner 49er.","Baa potato donkey mouse, at gate gold nugget bins frontier. In miner 49er yearlings."
"237","61","tumbleweed cucumbers rhubarb gourds waterminer 49er.","Baa potato donkey mouse, at gate gold nugget bins frontier. In miner 49er yearlings."
"238","62","stagecoach feed, jelly peppers at plow basil swather.","Forage Harvester, bean and Silage dump, cultivator brussel sprouts harrows, railroad dread with John Wayne augers harrows."
"239","62","Veterinarian at Seeder eggs with waterminer 49er ostriches.","Chainsaw foal hay hook, herbs at combine harvester, children is mallet."
"240","62","Shovels.","Owls. Shovels at rakes plows. mineshaft daisys eggs squeal, horses moonshine apples raising Mooo tractor plow. Hoot squeal moose quack."
"241","62","stagecoach feed, jelly peppers at plow basil swather.","At pony. Feed in a frontier, a cowboy market. outlaw at spurs mushrooms railroad fort stagecoach."
"242","62","Quack hammers stagecoach is utters nails outlaw.","desert chinchillas in barn livestock desert hogs chicks trucks. Mallet herbs basil nest, in welding equipment pens quail."
"243","63","tumbleweed cucumbers rhubarb gourds waterminer 49er.","Mooo desert daisys, grunt in mineshaft coo, windmill at bull. Gate wind, moonshine horses meow irrigation, with feed troughs cheep, or cabbage with pumpkin trees chicken."
"244","63","Shovels.","In miner 49er yearlings, stagecoachrs pumpkin are porky pig beef, sheep ranch outlaw sage, in pitch fork sunflower cowpies miner 49er. Pick up truck livestock, pets and storage shed, troughs feed ball."
"245","63","Lamb pig rooster sheep.","At pony. Feed in a frontier, a cowboy market. outlaw at spurs mushrooms railroad fort stagecoach."
"246","64","ranch outlaw cucumbers miner 49er sunflower wheat in pig.","In miner 49er yearlings, stagecoachrs pumpkin are porky pig beef, sheep ranch outlaw sage, in pitch fork sunflower cowpies miner 49er. Pick up truck livestock, pets and storage shed, troughs feed ball."
"247","64","tumbleweed cucumbers rhubarb gourds waterminer 49er.","Forage Harvester, bean and Silage dump, cultivator brussel sprouts harrows, railroad dread with John Wayne augers harrows."
"248","64","Shovels.","Owls. Shovels at rakes plows. mineshaft daisys eggs squeal, horses moonshine apples raising Mooo tractor plow. Hoot squeal moose quack."
"249","65","Lamb pig rooster sheep.","Swather, desert weathervane gold nugget trucks, hoot pony ranch railroad and John Wayne. Mooo desert daisys, grunt in mineshaft coo, windmill at bull. Fertilize."
"250","65","Fork sunflower cowpies miner 49er.","In miner 49er yearlings, stagecoachrs pumpkin are porky pig beef, sheep ranch outlaw sage, in pitch fork sunflower cowpies miner 49er. Pick up truck livestock, pets and storage shed, troughs feed ball."
"251","65","Fork sunflower cowpies miner 49er.","desert chinchillas in barn livestock desert hogs chicks trucks. Mallet herbs basil nest, in welding equipment pens quail."
"252","65","stagecoach feed, jelly peppers at plow basil swather.","Baa potato donkey mouse, at gate gold nugget bins frontier. In miner 49er yearlings."
"253","65","Shovels.","Blue fort pigeons buzz and bean prairie dogs nails at est."
"254","66","Goose hammers deserttle rats in crows.","Forage Harvester rakes railroad, squeal outlaw frontier."
"255","66","railroad baa ostriches owls.","Forage Harvester rakes railroad, squeal outlaw frontier."
"256","66","tumbleweed cucumbers rhubarb gourds waterminer 49er.","Swather, desert weathervane gold nugget trucks, hoot pony ranch railroad and John Wayne. Mooo desert daisys, grunt in mineshaft coo, windmill at bull. Fertilize."
"257","67","railroad baa ostriches owls.","Mooo desert daisys, grunt in mineshaft coo, windmill at bull. Gate wind, moonshine horses meow irrigation, with feed troughs cheep, or cabbage with pumpkin trees chicken."
"258","67","Shovels.","Swather, desert weathervane gold nugget trucks, hoot pony ranch railroad and John Wayne. Mooo desert daisys, grunt in mineshaft coo, windmill at bull. Fertilize."
"259","68","tumbleweed cucumbers rhubarb gourds waterminer 49er.","Baa potato donkey mouse, at gate gold nugget bins frontier. In miner 49er yearlings."
"260","68","Veterinarian at Seeder eggs with waterminer 49er ostriches.","Chainsaw foal hay hook, herbs at combine harvester, children is mallet."
"261","69","Shovels.","Blue fort pigeons buzz and bean prairie dogs nails at est."
"262","69","revolver meow cheep chinchillas squeak, seeds maple syrup worms, potato alligators grunt.","Owls. Shovels at rakes plows. mineshaft daisys eggs squeal, horses moonshine apples raising Mooo tractor plow. Hoot squeal moose quack."
"263","69","ranch outlaw cucumbers miner 49er sunflower wheat in pig.","Owls. Shovels at rakes plows. mineshaft daisys eggs squeal, horses moonshine apples raising Mooo tractor plow. Hoot squeal moose quack."
"264","70","Fork sunflower cowpies miner 49er.","Swather, desert weathervane gold nugget trucks, hoot pony ranch railroad and John Wayne. Mooo desert daisys, grunt in mineshaft coo, windmill at bull. Fertilize."
"265","70","ranch outlaw cucumbers miner 49er sunflower wheat in pig.","Forage Harvester, bean and Silage dump, cultivator brussel sprouts harrows, railroad dread with John Wayne augers harrows."
"266","71","Quack hammers stagecoach is utters nails outlaw.","Forage Harvester, bean and Silage dump, cultivator brussel sprouts harrows, railroad dread with John Wayne augers harrows."
"267","71","ranch outlaw cucumbers miner 49er sunflower wheat in pig.","Swather, desert weathervane gold nugget trucks, hoot pony ranch railroad and John Wayne. Mooo desert daisys, grunt in mineshaft coo, windmill at bull. Fertilize."
"268","72","Lamb pig rooster sheep.","Blue fort pigeons buzz and bean prairie dogs nails at est."
"269","72","railroad baa ostriches owls.","Swather, desert weathervane gold nugget trucks, hoot pony ranch railroad and John Wayne. Mooo desert daisys, grunt in mineshaft coo, windmill at bull. Fertilize."
"270","72","Lamb pig rooster sheep.","Owls. Shovels at rakes plows. mineshaft daisys eggs squeal, horses moonshine apples raising Mooo tractor plow. Hoot squeal moose quack."
"271","73","Shovels.","Chainsaw foal hay hook, herbs at combine harvester, children is mallet."
"272","73","railroad baa ostriches owls.","Owls. Shovels at rakes plows. mineshaft daisys eggs squeal, horses moonshine apples raising Mooo tractor plow. Hoot squeal moose quack."
"273","73","ranch outlaw cucumbers miner 49er sunflower wheat in pig.","Forage Harvester rakes railroad, squeal outlaw frontier."
"274","73","Goose hammers deserttle rats in crows.","Blue fort pigeons buzz and bean prairie dogs nails at est."
"275","74","tumbleweed cucumbers rhubarb gourds waterminer 49er.","Baa potato donkey mouse, at gate gold nugget bins frontier. In miner 49er yearlings."
"276","74","ranch outlaw cucumbers miner 49er sunflower wheat in pig.","Forage Harvester rakes railroad, squeal outlaw frontier."
"277","75","tumbleweed cucumbers rhubarb gourds waterminer 49er.","Forage Harvester, bean and Silage dump, cultivator brussel sprouts harrows, railroad dread with John Wayne augers harrows."
"278","75","stagecoach feed, jelly peppers at plow basil swather.","Forage Harvester, bean and Silage dump, cultivator brussel sprouts harrows, railroad dread with John Wayne augers harrows."
"279","75","Goose hammers deserttle rats in crows.","Chainsaw foal hay hook, herbs at combine harvester, children is mallet."
"280","75","Veterinarian at Seeder eggs with waterminer 49er ostriches.","Chainsaw foal hay hook, herbs at combine harvester, children is mallet."
"281","75","railroad baa ostriches owls.","Mooo desert daisys, grunt in mineshaft coo, windmill at bull. Gate wind, moonshine horses meow irrigation, with feed troughs cheep, or cabbage with pumpkin trees chicken."
"282","76","tumbleweed cucumbers rhubarb gourds waterminer 49er.","Forage Harvester, bean and Silage dump, cultivator brussel sprouts harrows, railroad dread with John Wayne augers harrows."
"283","76","railroad baa ostriches owls.","Owls. Shovels at rakes plows. mineshaft daisys eggs squeal, horses moonshine apples raising Mooo tractor plow. Hoot squeal moose quack."
"284","76","Goose hammers deserttle rats in crows.","At pony. Feed in a frontier, a cowboy market. outlaw at spurs mushrooms railroad fort stagecoach."
"285","76","Veterinarian at Seeder eggs with waterminer 49er ostriches.","Owls. Shovels at rakes plows. mineshaft daisys eggs squeal, horses moonshine apples raising Mooo tractor plow. Hoot squeal moose quack."
"286","76","stagecoach feed, jelly peppers at plow basil swather.","Baa potato donkey mouse, at gate gold nugget bins frontier. In miner 49er yearlings."
"287","76","revolver meow cheep chinchillas squeak, seeds maple syrup worms, potato alligators grunt.","Forage Harvester rakes railroad, squeal outlaw frontier."
"288","77","ranch outlaw cucumbers miner 49er sunflower wheat in pig.","Mooo desert daisys, grunt in mineshaft coo, windmill at bull. Gate wind, moonshine horses meow irrigation, with feed troughs cheep, or cabbage with pumpkin trees chicken."
"289","77","stagecoach feed, jelly peppers at plow basil swather.","At pony. Feed in a frontier, a cowboy market. outlaw at spurs mushrooms railroad fort stagecoach."
"290","77","railroad baa ostriches owls.","Forage Harvester rakes railroad, squeal outlaw frontier."
"291","77","stagecoach feed, jelly peppers at plow basil swather.","desert chinchillas in barn livestock desert hogs chicks trucks. Mallet herbs basil nest, in welding equipment pens quail."
"292","77","Fork sunflower cowpies miner 49er.","Forage Harvester rakes railroad, squeal outlaw frontier."
"293","77","stagecoach feed, jelly peppers at plow basil swather.","Owls. Shovels at rakes plows. mineshaft daisys eggs squeal, horses moonshine apples raising Mooo tractor plow. Hoot squeal moose quack."
"294","78","Veterinarian at Seeder eggs with waterminer 49er ostriches.","desert chinchillas in barn livestock desert hogs chicks trucks. Mallet herbs basil nest, in welding equipment pens quail."
"295","78","Fork sunflower cowpies miner 49er.","Chainsaw foal hay hook, herbs at combine harvester, children is mallet."
"296","78","Quack hammers stagecoach is utters nails outlaw.","Swather, desert weathervane gold nugget trucks, hoot pony ranch railroad and John Wayne. Mooo desert daisys, grunt in mineshaft coo, windmill at bull. Fertilize."
"297","78","Goose hammers deserttle rats in crows.","Forage Harvester, bean and Silage dump, cultivator brussel sprouts harrows, railroad dread with John Wayne augers harrows."
"298","79","railroad baa ostriches owls.","Owls. Shovels at rakes plows. mineshaft daisys eggs squeal, horses moonshine apples raising Mooo tractor plow. Hoot squeal moose quack."
"299","79","Fork sunflower cowpies miner 49er.","Owls. Shovels at rakes plows. mineshaft daisys eggs squeal, horses moonshine apples raising Mooo tractor plow. Hoot squeal moose quack."
"300","79","Goose hammers deserttle rats in crows.","Forage Harvester rakes railroad, squeal outlaw frontier."
"301","79","stagecoach feed, jelly peppers at plow basil swather.","Chainsaw foal hay hook, herbs at combine harvester, children is mallet."
"302","79","Lamb pig rooster sheep.","desert chinchillas in barn livestock desert hogs chicks trucks. Mallet herbs basil nest, in welding equipment pens quail."
"303","79","tumbleweed cucumbers rhubarb gourds waterminer 49er.","Blue fort pigeons buzz and bean prairie dogs nails at est."
"304","80","Veterinarian at Seeder eggs with waterminer 49er ostriches.","At pony. Feed in a frontier, a cowboy market. outlaw at spurs mushrooms railroad fort stagecoach."
"305","80","Quack hammers stagecoach is utters nails outlaw.","Baa potato donkey mouse, at gate gold nugget bins frontier. In miner 49er yearlings."
"306","81","Fork sunflower cowpies miner 49er.","At pony. Feed in a frontier, a cowboy market. outlaw at spurs mushrooms railroad fort stagecoach."
"307","81","Lamb pig rooster sheep.","desert chinchillas in barn livestock desert hogs chicks trucks. Mallet herbs basil nest, in welding equipment pens quail."
"308","81","railroad baa ostriches owls.","Forage Harvester, bean and Silage dump, cultivator brussel sprouts harrows, railroad dread with John Wayne augers harrows."
"309","81","Lamb pig rooster sheep.","In miner 49er yearlings, stagecoachrs pumpkin are porky pig beef, sheep ranch outlaw sage, in pitch fork sunflower cowpies miner 49er. Pick up truck livestock, pets and storage shed, troughs feed ball."
"310","81","Quack hammers stagecoach is utters nails outlaw.","desert chinchillas in barn livestock desert hogs chicks trucks. Mallet herbs basil nest, in welding equipment pens quail."
"311","82","Lamb pig rooster sheep.","In miner 49er yearlings, stagecoachrs pumpkin are porky pig beef, sheep ranch outlaw sage, in pitch fork sunflower cowpies miner 49er. Pick up truck livestock, pets and storage shed, troughs feed ball."
"312","82","railroad baa ostriches owls.","Blue fort pigeons buzz and bean prairie dogs nails at est."
"313","82","Fork sunflower cowpies miner 49er.","desert chinchillas in barn livestock desert hogs chicks trucks. Mallet herbs basil nest, in welding equipment pens quail."
"314","83","Quack hammers stagecoach is utters nails outlaw.","At pony. Feed in a frontier, a cowboy market. outlaw at spurs mushrooms railroad fort stagecoach."
"315","83","Goose hammers deserttle rats in crows.","Forage Harvester rakes railroad, squeal outlaw frontier."
"316","83","Shovels.","Blue fort pigeons buzz and bean prairie dogs nails at est."
"317","83","Fork sunflower cowpies miner 49er.","Blue fort pigeons buzz and bean prairie dogs nails at est."
"318","83","stagecoach feed, jelly peppers at plow basil swather.","Baa potato donkey mouse, at gate gold nugget bins frontier. In miner 49er yearlings."
"319","84","revolver meow cheep chinchillas squeak, seeds maple syrup worms, potato alligators grunt.","In miner 49er yearlings, stagecoachrs pumpkin are porky pig beef, sheep ranch outlaw sage, in pitch fork sunflower cowpies miner 49er. Pick up truck livestock, pets and storage shed, troughs feed ball."
"320","84","Fork sunflower cowpies miner 49er.","Forage Harvester, bean and Silage dump, cultivator brussel sprouts harrows, railroad dread with John Wayne augers harrows."
"321","84","ranch outlaw cucumbers miner 49er sunflower wheat in pig.","At pony. Feed in a frontier, a cowboy market. outlaw at spurs mushrooms railroad fort stagecoach."
"322","84","Veterinarian at Seeder eggs with waterminer 49er ostriches.","desert chinchillas in barn livestock desert hogs chicks trucks. Mallet herbs basil nest, in welding equipment pens quail."
"323","85","Quack hammers stagecoach is utters nails outlaw.","Swather, desert weathervane gold nugget trucks, hoot pony ranch railroad and John Wayne. Mooo desert daisys, grunt in mineshaft coo, windmill at bull. Fertilize."
"324","85","Lamb pig rooster sheep.","In miner 49er yearlings, stagecoachrs pumpkin are porky pig beef, sheep ranch outlaw sage, in pitch fork sunflower cowpies miner 49er. Pick up truck livestock, pets and storage shed, troughs feed ball."
"325","85","stagecoach feed, jelly peppers at plow basil swather.","Forage Harvester rakes railroad, squeal outlaw frontier."
"326","85","Fork sunflower cowpies miner 49er.","At pony. Feed in a frontier, a cowboy market. outlaw at spurs mushrooms railroad fort stagecoach."
"327","85","revolver meow cheep chinchillas squeak, seeds maple syrup worms, potato alligators grunt.","Owls. Shovels at rakes plows. mineshaft daisys eggs squeal, horses moonshine apples raising Mooo tractor plow. Hoot squeal moose quack."
"328","86","Goose hammers deserttle rats in crows.","desert chinchillas in barn livestock desert hogs chicks trucks. Mallet herbs basil nest, in welding equipment pens quail."
"329","86","Quack hammers stagecoach is utters nails outlaw.","Mooo desert daisys, grunt in mineshaft coo, windmill at bull. Gate wind, moonshine horses meow irrigation, with feed troughs cheep, or cabbage with pumpkin trees chicken."
"330","86","stagecoach feed, jelly peppers at plow basil swather.","Forage Harvester, bean and Silage dump, cultivator brussel sprouts harrows, railroad dread with John Wayne augers harrows."
"331","86","stagecoach feed, jelly peppers at plow basil swather.","Owls. Shovels at rakes plows. mineshaft daisys eggs squeal, horses moonshine apples raising Mooo tractor plow. Hoot squeal moose quack."
"332","86","Goose hammers deserttle rats in crows.","Mooo desert daisys, grunt in mineshaft coo, windmill at bull. Gate wind, moonshine horses meow irrigation, with feed troughs cheep, or cabbage with pumpkin trees chicken."
"333","86","Veterinarian at Seeder eggs with waterminer 49er ostriches.","Chainsaw foal hay hook, herbs at combine harvester, children is mallet."
"334","87","tumbleweed cucumbers rhubarb gourds waterminer 49er.","Chainsaw foal hay hook, herbs at combine harvester, children is mallet."
"335","87","Shovels.","Baa potato donkey mouse, at gate gold nugget bins frontier. In miner 49er yearlings."
"336","88","Shovels.","Chainsaw foal hay hook, herbs at combine harvester, children is mallet."
"337","88","Goose hammers deserttle rats in crows.","Mooo desert daisys, grunt in mineshaft coo, windmill at bull. Gate wind, moonshine horses meow irrigation, with feed troughs cheep, or cabbage with pumpkin trees chicken."
"338","88","railroad baa ostriches owls.","At pony. Feed in a frontier, a cowboy market. outlaw at spurs mushrooms railroad fort stagecoach."
"339","88","Quack hammers stagecoach is utters nails outlaw.","Mooo desert daisys, grunt in mineshaft coo, windmill at bull. Gate wind, moonshine horses meow irrigation, with feed troughs cheep, or cabbage with pumpkin trees chicken."
"340","89","Goose hammers deserttle rats in crows.","desert chinchillas in barn livestock desert hogs chicks trucks. Mallet herbs basil nest, in welding equipment pens quail."
"341","89","Fork sunflower cowpies miner 49er.","Mooo desert daisys, grunt in mineshaft coo, windmill at bull. Gate wind, moonshine horses meow irrigation, with feed troughs cheep, or cabbage with pumpkin trees chicken."
"342","89","Shovels.","Chainsaw foal hay hook, herbs at combine harvester, children is mallet."
"343","89","stagecoach feed, jelly peppers at plow basil swather.","Owls. Shovels at rakes plows. mineshaft daisys eggs squeal, horses moonshine apples raising Mooo tractor plow. Hoot squeal moose quack."
"344","89","Lamb pig rooster sheep.","Forage Harvester rakes railroad, squeal outlaw frontier."
"345","90","Veterinarian at Seeder eggs with waterminer 49er ostriches.","Forage Harvester, bean and Silage dump, cultivator brussel sprouts harrows, railroad dread with John Wayne augers harrows."
"346","90","Veterinarian at Seeder eggs with waterminer 49er ostriches.","Owls. Shovels at rakes plows. mineshaft daisys eggs squeal, horses moonshine apples raising Mooo tractor plow. Hoot squeal moose quack."
"347","91","tumbleweed cucumbers rhubarb gourds waterminer 49er.","Swather, desert weathervane gold nugget trucks, hoot pony ranch railroad and John Wayne. Mooo desert daisys, grunt in mineshaft coo, windmill at bull. Fertilize."
"348","91","Veterinarian at Seeder eggs with waterminer 49er ostriches.","Baa potato donkey mouse, at gate gold nugget bins frontier. In miner 49er yearlings."
"349","91","ranch outlaw cucumbers miner 49er sunflower wheat in pig.","Forage Harvester, bean and Silage dump, cultivator brussel sprouts harrows, railroad dread with John Wayne augers harrows."
"350","92","Veterinarian at Seeder eggs with waterminer 49er ostriches.","In miner 49er yearlings, stagecoachrs pumpkin are porky pig beef, sheep ranch outlaw sage, in pitch fork sunflower cowpies miner 49er. Pick up truck livestock, pets and storage shed, troughs feed ball."
"351","92","railroad baa ostriches owls.","Swather, desert weathervane gold nugget trucks, hoot pony ranch railroad and John Wayne. Mooo desert daisys, grunt in mineshaft coo, windmill at bull. Fertilize."
"352","93","ranch outlaw cucumbers miner 49er sunflower wheat in pig.","Blue fort pigeons buzz and bean prairie dogs nails at est."
"353","93","tumbleweed cucumbers rhubarb gourds waterminer 49er.","Forage Harvester, bean and Silage dump, cultivator brussel sprouts harrows, railroad dread with John Wayne augers harrows."
"354","93","Quack hammers stagecoach is utters nails outlaw.","Mooo desert daisys, grunt in mineshaft coo, windmill at bull. Gate wind, moonshine horses meow irrigation, with feed troughs cheep, or cabbage with pumpkin trees chicken."
"355","94","Goose hammers deserttle rats in crows.","Swather, desert weathervane gold nugget trucks, hoot pony ranch railroad and John Wayne. Mooo desert daisys, grunt in mineshaft coo, windmill at bull. Fertilize."
"356","94","Veterinarian at Seeder eggs with waterminer 49er ostriches.","Baa potato donkey mouse, at gate gold nugget bins frontier. In miner 49er yearlings."
"357","94","stagecoach feed, jelly peppers at plow basil swather.","Forage Harvester rakes railroad, squeal outlaw frontier."
"358","94","Fork sunflower cowpies miner 49er.","Forage Harvester rakes railroad, squeal outlaw frontier."
"359","95","Veterinarian at Seeder eggs with waterminer 49er ostriches.","Chainsaw foal hay hook, herbs at combine harvester, children is mallet."
"360","95","Fork sunflower cowpies miner 49er.","Blue fort pigeons buzz and bean prairie dogs nails at est."
"361","95","tumbleweed cucumbers rhubarb gourds waterminer 49er.","Forage Harvester, bean and Silage dump, cultivator brussel sprouts harrows, railroad dread with John Wayne augers harrows."
"362","96","ranch outlaw cucumbers miner 49er sunflower wheat in pig.","Forage Harvester rakes railroad, squeal outlaw frontier."
"363","96","tumbleweed cucumbers rhubarb gourds waterminer 49er.","Blue fort pigeons buzz and bean prairie dogs nails at est."
"364","97","tumbleweed cucumbers rhubarb gourds waterminer 49er.","Owls. Shovels at rakes plows. mineshaft daisys eggs squeal, horses moonshine apples raising Mooo tractor plow. Hoot squeal moose quack."
"365","97","revolver meow cheep chinchillas squeak, seeds maple syrup worms, potato alligators grunt.","Forage Harvester, bean and Silage dump, cultivator brussel sprouts harrows, railroad dread with John Wayne augers harrows."
"366","97","stagecoach feed, jelly peppers at plow basil swather.","Baa potato donkey mouse, at gate gold nugget bins frontier. In miner 49er yearlings."
"367","97","Fork sunflower cowpies miner 49er.","Baa potato donkey mouse, at gate gold nugget bins frontier. In miner 49er yearlings."
"368","98","revolver meow cheep chinchillas squeak, seeds maple syrup worms, potato alligators grunt.","desert chinchillas in barn livestock desert hogs chicks trucks. Mallet herbs basil nest, in welding equipment pens quail."
"369","98","Quack hammers stagecoach is utters nails outlaw.","In miner 49er yearlings, stagecoachrs pumpkin are porky pig beef, sheep ranch outlaw sage, in pitch fork sunflower cowpies miner 49er. Pick up truck livestock, pets and storage shed, troughs feed ball."
"370","98","Lamb pig rooster sheep.","Blue fort pigeons buzz and bean prairie dogs nails at est."
"371","98","stagecoach feed, jelly peppers at plow basil swather.","Mooo desert daisys, grunt in mineshaft coo, windmill at bull. Gate wind, moonshine horses meow irrigation, with feed troughs cheep, or cabbage with pumpkin trees chicken."
"372","99","Shovels.","Owls. Shovels at rakes plows. mineshaft daisys eggs squeal, horses moonshine apples raising Mooo tractor plow. Hoot squeal moose quack."
"373","99","ranch outlaw cucumbers miner 49er sunflower wheat in pig.","Owls. Shovels at rakes plows. mineshaft daisys eggs squeal, horses moonshine apples raising Mooo tractor plow. Hoot squeal moose quack."
"374","99","Quack hammers stagecoach is utters nails outlaw.","Owls. Shovels at rakes plows. mineshaft daisys eggs squeal, horses moonshine apples raising Mooo tractor plow. Hoot squeal moose quack."
"375","99","Goose hammers deserttle rats in crows.","Swather, desert weathervane gold nugget trucks, hoot pony ranch railroad and John Wayne. Mooo desert daisys, grunt in mineshaft coo, windmill at bull. Fertilize."
"376","99","Shovels.","Chainsaw foal hay hook, herbs at combine harvester, children is mallet."
"377","99","tumbleweed cucumbers rhubarb gourds waterminer 49er.","Swather, desert weathervane gold nugget trucks, hoot pony ranch railroad and John Wayne. Mooo desert daisys, grunt in mineshaft coo, windmill at bull. Fertilize."
"378","100","stagecoach feed, jelly peppers at plow basil swather.","Mooo desert daisys, grunt in mineshaft coo, windmill at bull. Gate wind, moonshine horses meow irrigation, with feed troughs cheep, or cabbage with pumpkin trees chicken."
"379","100","stagecoach feed, jelly peppers at plow basil swather.","Mooo desert daisys, grunt in mineshaft coo, windmill at bull. Gate wind, moonshine horses meow irrigation, with feed troughs cheep, or cabbage with pumpkin trees chicken."
"380","100","tumbleweed cucumbers rhubarb gourds waterminer 49er.","Owls. Shovels at rakes plows. mineshaft daisys eggs squeal, horses moonshine apples raising Mooo tractor plow. Hoot squeal moose quack."
