"id","product_id","spec_category","spec_name","spec_value","has_more_info","more_info_text"
"1","1","Key Specs","Tumbleweed Value","5000","True","How many tumbleweed do"
"2","1","Key Specs","Invisibility","Yes","False","null"
"3","1","Key Specs","Horsepower","180","False","null"
"4","1","Key Specs","Cowboy Enjoyment","Off the charts!","False","null"
"5","1","Key Specs","Outlaw Enjoyment","NOT for outlaw use","True","Please do not use this product for outlaw OR vigilante purposes."
"6","1","General","Multicolor Options","Yes","False","null"
"7","1","General","Gold","Made of solid gold.","False","null"
"8","1","Warranty","Manufacturer's Warranty - Giddyup","Lifetime Limited","False","null"
"9","1","Other","UPC","600662538765","False","null"
"10","2","Key Specs","Horsepower","180","False","null"
"11","2","Key Specs","Aliens Included","Yes","True","Denotes inclusion of aliens obtained from the recent Area 51 invasion."
"12","2","Key Specs","Desertproofing","120-Degree DPX8 Certified Desertproof","False","null"
"13","2","Key Specs","Invisibility","Yes","False","null"
"14","2","Key Specs","Cowboy Enjoyment","Off the charts!","False","null"
"15","2","Key Specs","Like-The-Wind Compatible","100% Bullseye-compliant functionality","False","null"
"16","2","General","Manufactured in USA","Ya darn tootin!","False","null"
"17","2","General","Quality","So high","False","null"
"18","2","General","Suitable use","Rodeo, ranching, a fun Sunday with the family.","False","null"
"19","2","General","Size","Biggish","False","null"
"20","2","General","Gold","Made of solid gold.","False","null"
"21","2","General","Lifespan","~12 years","True","Estimated."
"22","2","Warranty","Manufacturer's Warranty - Giddyup","Lifetime Limited","False","null"
"23","2","Other","UPC","600662538765","False","null"
"24","3","Key Specs","Tumbleweed Value","5000","True","How many tumbleweed do"
"25","3","Key Specs","Invisibility","Yes","False","null"
"26","3","Key Specs","Aliens Included","Yes","True","Denotes inclusion of aliens obtained from the recent Area 51 invasion."
"27","3","General","Fun value","Off the charts!","True","A scientific measure of how much joy and happiness this product will bring to your Old Western life. :)"
"28","3","General","Suitable use","Rodeo, ranching, a fun Sunday with the family.","False","null"
"29","3","General","Manufactured in USA","Ya darn tootin!","False","null"
"30","3","General","Multicolor Options","Yes","False","null"
"31","3","Warranty","Manufacturer's Warranty - Giddyup","Lifetime Limited","False","null"
"32","3","Warranty","Manufacturer's Warranty - Rodeo","Lifetime Limited","False","null"
"33","3","Other","UPC","600662538765","False","null"
"34","4","Key Specs","Outlaw Enjoyment","NOT for outlaw use","True","Please do not use this product for outlaw OR vigilante purposes."
"35","4","Key Specs","Desertproofing","120-Degree DPX8 Certified Desertproof","False","null"
"36","4","Key Specs","Aliens Included","Yes","True","Denotes inclusion of aliens obtained from the recent Area 51 invasion."
"37","4","General","Multicolor Options","Yes","False","null"
"38","4","General","Suitable use","Rodeo, ranching, a fun Sunday with the family.","False","null"
"39","4","Warranty","Manufacturer's Warranty - Giddyup","Lifetime Limited","False","null"
"40","4","Warranty","Manufacturer's Warranty - Rodeo","Lifetime Limited","False","null"
"41","4","Other","UPC","600662538765","False","null"
"42","5","Key Specs","Invisibility","Yes","False","null"
"43","5","Key Specs","Like-The-Wind Compatible","100% Bullseye-compliant functionality","False","null"
"44","5","Key Specs","Desertproofing","120-Degree DPX8 Certified Desertproof","False","null"
"45","5","Key Specs","Outlaw Enjoyment","NOT for outlaw use","True","Please do not use this product for outlaw OR vigilante purposes."
"46","5","Key Specs","Cowboy Enjoyment","Off the charts!","False","null"
"47","5","General","Suitable use","Rodeo, ranching, a fun Sunday with the family.","False","null"
"48","5","General","Fun value","Off the charts!","True","A scientific measure of how much joy and happiness this product will bring to your Old Western life. :)"
"49","5","General","Size","Biggish","False","null"
"50","5","General","Gold","Made of solid gold.","False","null"
"51","5","General","Manufactured in USA","Ya darn tootin!","False","null"
"52","5","General","Multicolor Options","Yes","False","null"
"53","5","General","Quality","So high","False","null"
"54","5","Warranty","Manufacturer's Warranty - Giddyup","Lifetime Limited","False","null"
"55","5","Other","UPC","600662538765","False","null"
"56","6","Key Specs","Outlaw Enjoyment","NOT for outlaw use","True","Please do not use this product for outlaw OR vigilante purposes."
"57","6","Key Specs","Like-The-Wind Compatible","100% Bullseye-compliant functionality","False","null"
"58","6","Key Specs","Invisibility","Yes","False","null"
"59","6","Key Specs","Desertproofing","120-Degree DPX8 Certified Desertproof","False","null"
"60","6","Key Specs","Horsepower","180","False","null"
"61","6","Key Specs","Cowboy Enjoyment","Off the charts!","False","null"
"62","6","General","Quality","So high","False","null"
"63","6","General","Multicolor Options","Yes","False","null"
"64","6","General","Manufactured in USA","Ya darn tootin!","False","null"
"65","6","General","Gold","Made of solid gold.","False","null"
"66","6","General","Fun value","Off the charts!","True","A scientific measure of how much joy and happiness this product will bring to your Old Western life. :)"
"67","6","General","Suitable use","Rodeo, ranching, a fun Sunday with the family.","False","null"
"68","6","Warranty","Manufacturer's Warranty - Giddyup","Lifetime Limited","False","null"
"69","6","Warranty","Manufacturer's Warranty - Rodeo","Lifetime Limited","False","null"
"70","6","Other","UPC","600662538765","False","null"
"71","7","Key Specs","Desertproofing","120-Degree DPX8 Certified Desertproof","False","null"
"72","7","Key Specs","Tumbleweed Value","5000","True","How many tumbleweed do"
"73","7","Key Specs","Invisibility","Yes","False","null"
"74","7","Key Specs","Cowboy Enjoyment","Off the charts!","False","null"
"75","7","Key Specs","Outlaw Enjoyment","NOT for outlaw use","True","Please do not use this product for outlaw OR vigilante purposes."
"76","7","Key Specs","Horsepower","180","False","null"
"77","7","General","Gold","Made of solid gold.","False","null"
"78","7","General","Suitable use","Rodeo, ranching, a fun Sunday with the family.","False","null"
"79","7","General","Manufactured in USA","Ya darn tootin!","False","null"
"80","7","Warranty","Manufacturer's Warranty - Giddyup","Lifetime Limited","False","null"
"81","7","Other","UPC","600662538765","False","null"
"82","8","Key Specs","Invisibility","Yes","False","null"
"83","8","Key Specs","Cowboy Enjoyment","Off the charts!","False","null"
"84","8","Key Specs","Horsepower","180","False","null"
"85","8","Key Specs","Tumbleweed Value","5000","True","How many tumbleweed do"
"86","8","General","Suitable use","Rodeo, ranching, a fun Sunday with the family.","False","null"
"87","8","General","Size","Biggish","False","null"
"88","8","General","Quality","So high","False","null"
"89","8","General","Multicolor Options","Yes","False","null"
"90","8","Warranty","Manufacturer's Warranty - Yeehaw","Lifetime Limited","False","null"
"91","8","Other","UPC","600662538765","False","null"
"92","9","Key Specs","Cowboy Enjoyment","Off the charts!","False","null"
"93","9","Key Specs","Outlaw Enjoyment","NOT for outlaw use","True","Please do not use this product for outlaw OR vigilante purposes."
"94","9","Key Specs","Desertproofing","120-Degree DPX8 Certified Desertproof","False","null"
"95","9","General","Fun value","Off the charts!","True","A scientific measure of how much joy and happiness this product will bring to your Old Western life. :)"
"96","9","General","Lifespan","~12 years","True","Estimated."
"97","9","General","Size","Biggish","False","null"
"98","9","General","Multicolor Options","Yes","False","null"
"99","9","General","Suitable use","Rodeo, ranching, a fun Sunday with the family.","False","null"
"100","9","General","Quality","So high","False","null"
"101","9","General","Manufactured in USA","Ya darn tootin!","False","null"
"102","9","Warranty","Manufacturer's Warranty - Giddyup","Lifetime Limited","False","null"
"103","9","Warranty","Manufacturer's Warranty - Rodeo","Lifetime Limited","False","null"
"104","9","Other","UPC","600662538765","False","null"
"105","10","Key Specs","Desertproofing","120-Degree DPX8 Certified Desertproof","False","null"
"106","10","Key Specs","Cowboy Enjoyment","Off the charts!","False","null"
"107","10","Key Specs","Aliens Included","Yes","True","Denotes inclusion of aliens obtained from the recent Area 51 invasion."
"108","10","Key Specs","Outlaw Enjoyment","NOT for outlaw use","True","Please do not use this product for outlaw OR vigilante purposes."
"109","10","Key Specs","Horsepower","180","False","null"
"110","10","General","Gold","Made of solid gold.","False","null"
"111","10","General","Suitable use","Rodeo, ranching, a fun Sunday with the family.","False","null"
"112","10","General","Fun value","Off the charts!","True","A scientific measure of how much joy and happiness this product will bring to your Old Western life. :)"
"113","10","Warranty","Manufacturer's Warranty - Yeehaw","Lifetime Limited","False","null"
"114","10","Warranty","Manufacturer's Warranty - Giddyup","Lifetime Limited","False","null"
"115","10","Other","UPC","600662538765","False","null"
"116","11","Key Specs","Horsepower","180","False","null"
"117","11","Key Specs","Desertproofing","120-Degree DPX8 Certified Desertproof","False","null"
"118","11","Key Specs","Aliens Included","Yes","True","Denotes inclusion of aliens obtained from the recent Area 51 invasion."
"119","11","Key Specs","Like-The-Wind Compatible","100% Bullseye-compliant functionality","False","null"
"120","11","General","Multicolor Options","Yes","False","null"
"121","11","General","Fun value","Off the charts!","True","A scientific measure of how much joy and happiness this product will bring to your Old Western life. :)"
"122","11","General","Manufactured in USA","Ya darn tootin!","False","null"
"123","11","General","Lifespan","~12 years","True","Estimated."
"124","11","Warranty","Manufacturer's Warranty - Giddyup","Lifetime Limited","False","null"
"125","11","Other","UPC","600662538765","False","null"
"126","12","Key Specs","Desertproofing","120-Degree DPX8 Certified Desertproof","False","null"
"127","12","Key Specs","Tumbleweed Value","5000","True","How many tumbleweed do"
"128","12","Key Specs","Invisibility","Yes","False","null"
"129","12","Key Specs","Like-The-Wind Compatible","100% Bullseye-compliant functionality","False","null"
"130","12","Key Specs","Cowboy Enjoyment","Off the charts!","False","null"
"131","12","Key Specs","Aliens Included","Yes","True","Denotes inclusion of aliens obtained from the recent Area 51 invasion."
"132","12","General","Size","Biggish","False","null"
"133","12","General","Multicolor Options","Yes","False","null"
"134","12","General","Suitable use","Rodeo, ranching, a fun Sunday with the family.","False","null"
"135","12","Warranty","Manufacturer's Warranty - Giddyup","Lifetime Limited","False","null"
"136","12","Warranty","Manufacturer's Warranty - Yeehaw","Lifetime Limited","False","null"
"137","12","Other","UPC","600662538765","False","null"
"138","13","Key Specs","Like-The-Wind Compatible","100% Bullseye-compliant functionality","False","null"
"139","13","Key Specs","Horsepower","180","False","null"
"140","13","Key Specs","Cowboy Enjoyment","Off the charts!","False","null"
"141","13","General","Multicolor Options","Yes","False","null"
"142","13","General","Gold","Made of solid gold.","False","null"
"143","13","General","Quality","So high","False","null"
"144","13","Warranty","Manufacturer's Warranty - Rodeo","Lifetime Limited","False","null"
"145","13","Other","UPC","600662538765","False","null"
"146","14","Key Specs","Aliens Included","Yes","True","Denotes inclusion of aliens obtained from the recent Area 51 invasion."
"147","14","Key Specs","Outlaw Enjoyment","NOT for outlaw use","True","Please do not use this product for outlaw OR vigilante purposes."
"148","14","Key Specs","Cowboy Enjoyment","Off the charts!","False","null"
"149","14","Key Specs","Like-The-Wind Compatible","100% Bullseye-compliant functionality","False","null"
"150","14","General","Fun value","Off the charts!","True","A scientific measure of how much joy and happiness this product will bring to your Old Western life. :)"
"151","14","General","Multicolor Options","Yes","False","null"
"152","14","General","Gold","Made of solid gold.","False","null"
"153","14","General","Manufactured in USA","Ya darn tootin!","False","null"
"154","14","General","Quality","So high","False","null"
"155","14","General","Suitable use","Rodeo, ranching, a fun Sunday with the family.","False","null"
"156","14","Warranty","Manufacturer's Warranty - Giddyup","Lifetime Limited","False","null"
"157","14","Warranty","Manufacturer's Warranty - Yeehaw","Lifetime Limited","False","null"
"158","14","Other","UPC","600662538765","False","null"
"159","15","Key Specs","Aliens Included","Yes","True","Denotes inclusion of aliens obtained from the recent Area 51 invasion."
"160","15","Key Specs","Horsepower","180","False","null"
"161","15","Key Specs","Invisibility","Yes","False","null"
"162","15","Key Specs","Outlaw Enjoyment","NOT for outlaw use","True","Please do not use this product for outlaw OR vigilante purposes."
"163","15","Key Specs","Like-The-Wind Compatible","100% Bullseye-compliant functionality","False","null"
"164","15","General","Size","Biggish","False","null"
"165","15","General","Fun value","Off the charts!","True","A scientific measure of how much joy and happiness this product will bring to your Old Western life. :)"
"166","15","General","Gold","Made of solid gold.","False","null"
"167","15","General","Manufactured in USA","Ya darn tootin!","False","null"
"168","15","General","Multicolor Options","Yes","False","null"
"169","15","Warranty","Manufacturer's Warranty - Rodeo","Lifetime Limited","False","null"
"170","15","Other","UPC","600662538765","False","null"
"171","16","Key Specs","Cowboy Enjoyment","Off the charts!","False","null"
"172","16","Key Specs","Horsepower","180","False","null"
"173","16","Key Specs","Like-The-Wind Compatible","100% Bullseye-compliant functionality","False","null"
"174","16","Key Specs","Outlaw Enjoyment","NOT for outlaw use","True","Please do not use this product for outlaw OR vigilante purposes."
"175","16","General","Gold","Made of solid gold.","False","null"
"176","16","General","Size","Biggish","False","null"
"177","16","General","Manufactured in USA","Ya darn tootin!","False","null"
"178","16","General","Multicolor Options","Yes","False","null"
"179","16","General","Fun value","Off the charts!","True","A scientific measure of how much joy and happiness this product will bring to your Old Western life. :)"
"180","16","General","Lifespan","~12 years","True","Estimated."
"181","16","Warranty","Manufacturer's Warranty - Yeehaw","Lifetime Limited","False","null"
"182","16","Other","UPC","600662538765","False","null"
"183","17","Key Specs","Desertproofing","120-Degree DPX8 Certified Desertproof","False","null"
"184","17","Key Specs","Horsepower","180","False","null"
"185","17","Key Specs","Cowboy Enjoyment","Off the charts!","False","null"
"186","17","Key Specs","Invisibility","Yes","False","null"
"187","17","General","Size","Biggish","False","null"
"188","17","General","Lifespan","~12 years","True","Estimated."
"189","17","General","Multicolor Options","Yes","False","null"
"190","17","Warranty","Manufacturer's Warranty - Giddyup","Lifetime Limited","False","null"
"191","17","Warranty","Manufacturer's Warranty - Yeehaw","Lifetime Limited","False","null"
"192","17","Other","UPC","600662538765","False","null"
"193","18","Key Specs","Tumbleweed Value","5000","True","How many tumbleweed do"
"194","18","Key Specs","Cowboy Enjoyment","Off the charts!","False","null"
"195","18","Key Specs","Invisibility","Yes","False","null"
"196","18","General","Fun value","Off the charts!","True","A scientific measure of how much joy and happiness this product will bring to your Old Western life. :)"
"197","18","General","Multicolor Options","Yes","False","null"
"198","18","General","Suitable use","Rodeo, ranching, a fun Sunday with the family.","False","null"
"199","18","General","Size","Biggish","False","null"
"200","18","General","Gold","Made of solid gold.","False","null"
"201","18","General","Quality","So high","False","null"
"202","18","General","Manufactured in USA","Ya darn tootin!","False","null"
"203","18","Warranty","Manufacturer's Warranty - Yeehaw","Lifetime Limited","False","null"
"204","18","Other","UPC","600662538765","False","null"
"205","19","Key Specs","Desertproofing","120-Degree DPX8 Certified Desertproof","False","null"
"206","19","Key Specs","Horsepower","180","False","null"
"207","19","Key Specs","Like-The-Wind Compatible","100% Bullseye-compliant functionality","False","null"
"208","19","General","Fun value","Off the charts!","True","A scientific measure of how much joy and happiness this product will bring to your Old Western life. :)"
"209","19","General","Quality","So high","False","null"
"210","19","General","Manufactured in USA","Ya darn tootin!","False","null"
"211","19","General","Lifespan","~12 years","True","Estimated."
"212","19","General","Size","Biggish","False","null"
"213","19","General","Multicolor Options","Yes","False","null"
"214","19","General","Suitable use","Rodeo, ranching, a fun Sunday with the family.","False","null"
"215","19","Warranty","Manufacturer's Warranty - Rodeo","Lifetime Limited","False","null"
"216","19","Other","UPC","600662538765","False","null"
"217","20","Key Specs","Aliens Included","Yes","True","Denotes inclusion of aliens obtained from the recent Area 51 invasion."
"218","20","Key Specs","Outlaw Enjoyment","NOT for outlaw use","True","Please do not use this product for outlaw OR vigilante purposes."
"219","20","Key Specs","Tumbleweed Value","5000","True","How many tumbleweed do"
"220","20","Key Specs","Invisibility","Yes","False","null"
"221","20","Key Specs","Like-The-Wind Compatible","100% Bullseye-compliant functionality","False","null"
"222","20","Key Specs","Horsepower","180","False","null"
"223","20","General","Size","Biggish","False","null"
"224","20","General","Multicolor Options","Yes","False","null"
"225","20","General","Manufactured in USA","Ya darn tootin!","False","null"
"226","20","General","Fun value","Off the charts!","True","A scientific measure of how much joy and happiness this product will bring to your Old Western life. :)"
"227","20","General","Quality","So high","False","null"
"228","20","Warranty","Manufacturer's Warranty - Rodeo","Lifetime Limited","False","null"
"229","20","Warranty","Manufacturer's Warranty - Giddyup","Lifetime Limited","False","null"
"230","20","Other","UPC","600662538765","False","null"
"231","21","Key Specs","Aliens Included","Yes","True","Denotes inclusion of aliens obtained from the recent Area 51 invasion."
"232","21","Key Specs","Invisibility","Yes","False","null"
"233","21","Key Specs","Desertproofing","120-Degree DPX8 Certified Desertproof","False","null"
"234","21","Key Specs","Cowboy Enjoyment","Off the charts!","False","null"
"235","21","Key Specs","Like-The-Wind Compatible","100% Bullseye-compliant functionality","False","null"
"236","21","Key Specs","Outlaw Enjoyment","NOT for outlaw use","True","Please do not use this product for outlaw OR vigilante purposes."
"237","21","General","Gold","Made of solid gold.","False","null"
"238","21","General","Multicolor Options","Yes","False","null"
"239","21","General","Lifespan","~12 years","True","Estimated."
"240","21","General","Manufactured in USA","Ya darn tootin!","False","null"
"241","21","General","Size","Biggish","False","null"
"242","21","Warranty","Manufacturer's Warranty - Giddyup","Lifetime Limited","False","null"
"243","21","Other","UPC","600662538765","False","null"
"244","22","Key Specs","Cowboy Enjoyment","Off the charts!","False","null"
"245","22","Key Specs","Horsepower","180","False","null"
"246","22","Key Specs","Like-The-Wind Compatible","100% Bullseye-compliant functionality","False","null"
"247","22","Key Specs","Invisibility","Yes","False","null"
"248","22","Key Specs","Aliens Included","Yes","True","Denotes inclusion of aliens obtained from the recent Area 51 invasion."
"249","22","Key Specs","Outlaw Enjoyment","NOT for outlaw use","True","Please do not use this product for outlaw OR vigilante purposes."
"250","22","General","Lifespan","~12 years","True","Estimated."
"251","22","General","Gold","Made of solid gold.","False","null"
"252","22","General","Manufactured in USA","Ya darn tootin!","False","null"
"253","22","General","Suitable use","Rodeo, ranching, a fun Sunday with the family.","False","null"
"254","22","Warranty","Manufacturer's Warranty - Giddyup","Lifetime Limited","False","null"
"255","22","Other","UPC","600662538765","False","null"
"256","23","Key Specs","Aliens Included","Yes","True","Denotes inclusion of aliens obtained from the recent Area 51 invasion."
"257","23","Key Specs","Horsepower","180","False","null"
"258","23","Key Specs","Outlaw Enjoyment","NOT for outlaw use","True","Please do not use this product for outlaw OR vigilante purposes."
"259","23","Key Specs","Like-The-Wind Compatible","100% Bullseye-compliant functionality","False","null"
"260","23","General","Manufactured in USA","Ya darn tootin!","False","null"
"261","23","General","Fun value","Off the charts!","True","A scientific measure of how much joy and happiness this product will bring to your Old Western life. :)"
"262","23","General","Size","Biggish","False","null"
"263","23","General","Multicolor Options","Yes","False","null"
"264","23","General","Lifespan","~12 years","True","Estimated."
"265","23","General","Suitable use","Rodeo, ranching, a fun Sunday with the family.","False","null"
"266","23","General","Gold","Made of solid gold.","False","null"
"267","23","Warranty","Manufacturer's Warranty - Giddyup","Lifetime Limited","False","null"
"268","23","Other","UPC","600662538765","False","null"
"269","24","Key Specs","Cowboy Enjoyment","Off the charts!","False","null"
"270","24","Key Specs","Like-The-Wind Compatible","100% Bullseye-compliant functionality","False","null"
"271","24","Key Specs","Desertproofing","120-Degree DPX8 Certified Desertproof","False","null"
"272","24","Key Specs","Tumbleweed Value","5000","True","How many tumbleweed do"
"273","24","Key Specs","Horsepower","180","False","null"
"274","24","Key Specs","Invisibility","Yes","False","null"
"275","24","General","Size","Biggish","False","null"
"276","24","General","Multicolor Options","Yes","False","null"
"277","24","General","Quality","So high","False","null"
"278","24","General","Lifespan","~12 years","True","Estimated."
"279","24","Warranty","Manufacturer's Warranty - Rodeo","Lifetime Limited","False","null"
"280","24","Warranty","Manufacturer's Warranty - Giddyup","Lifetime Limited","False","null"
"281","24","Other","UPC","600662538765","False","null"
"282","25","Key Specs","Like-The-Wind Compatible","100% Bullseye-compliant functionality","False","null"
"283","25","Key Specs","Tumbleweed Value","5000","True","How many tumbleweed do"
"284","25","Key Specs","Aliens Included","Yes","True","Denotes inclusion of aliens obtained from the recent Area 51 invasion."
"285","25","Key Specs","Desertproofing","120-Degree DPX8 Certified Desertproof","False","null"
"286","25","General","Gold","Made of solid gold.","False","null"
"287","25","General","Multicolor Options","Yes","False","null"
"288","25","Warranty","Manufacturer's Warranty - Rodeo","Lifetime Limited","False","null"
"289","25","Other","UPC","600662538765","False","null"
"290","26","Key Specs","Horsepower","180","False","null"
"291","26","Key Specs","Desertproofing","120-Degree DPX8 Certified Desertproof","False","null"
"292","26","Key Specs","Invisibility","Yes","False","null"
"293","26","Key Specs","Cowboy Enjoyment","Off the charts!","False","null"
"294","26","Key Specs","Tumbleweed Value","5000","True","How many tumbleweed do"
"295","26","Key Specs","Like-The-Wind Compatible","100% Bullseye-compliant functionality","False","null"
"296","26","General","Size","Biggish","False","null"
"297","26","General","Suitable use","Rodeo, ranching, a fun Sunday with the family.","False","null"
"298","26","Warranty","Manufacturer's Warranty - Rodeo","Lifetime Limited","False","null"
"299","26","Other","UPC","600662538765","False","null"
"300","27","Key Specs","Invisibility","Yes","False","null"
"301","27","Key Specs","Aliens Included","Yes","True","Denotes inclusion of aliens obtained from the recent Area 51 invasion."
"302","27","Key Specs","Desertproofing","120-Degree DPX8 Certified Desertproof","False","null"
"303","27","Key Specs","Outlaw Enjoyment","NOT for outlaw use","True","Please do not use this product for outlaw OR vigilante purposes."
"304","27","Key Specs","Tumbleweed Value","5000","True","How many tumbleweed do"
"305","27","General","Lifespan","~12 years","True","Estimated."
"306","27","General","Multicolor Options","Yes","False","null"
"307","27","General","Size","Biggish","False","null"
"308","27","General","Quality","So high","False","null"
"309","27","General","Manufactured in USA","Ya darn tootin!","False","null"
"310","27","General","Suitable use","Rodeo, ranching, a fun Sunday with the family.","False","null"
"311","27","Warranty","Manufacturer's Warranty - Rodeo","Lifetime Limited","False","null"
"312","27","Warranty","Manufacturer's Warranty - Giddyup","Lifetime Limited","False","null"
"313","27","Other","UPC","600662538765","False","null"
"314","28","Key Specs","Cowboy Enjoyment","Off the charts!","False","null"
"315","28","Key Specs","Like-The-Wind Compatible","100% Bullseye-compliant functionality","False","null"
"316","28","Key Specs","Tumbleweed Value","5000","True","How many tumbleweed do"
"317","28","Key Specs","Desertproofing","120-Degree DPX8 Certified Desertproof","False","null"
"318","28","General","Quality","So high","False","null"
"319","28","General","Gold","Made of solid gold.","False","null"
"320","28","Warranty","Manufacturer's Warranty - Rodeo","Lifetime Limited","False","null"
"321","28","Other","UPC","600662538765","False","null"
"322","29","Key Specs","Horsepower","180","False","null"
"323","29","Key Specs","Outlaw Enjoyment","NOT for outlaw use","True","Please do not use this product for outlaw OR vigilante purposes."
"324","29","Key Specs","Invisibility","Yes","False","null"
"325","29","Key Specs","Aliens Included","Yes","True","Denotes inclusion of aliens obtained from the recent Area 51 invasion."
"326","29","General","Suitable use","Rodeo, ranching, a fun Sunday with the family.","False","null"
"327","29","General","Size","Biggish","False","null"
"328","29","General","Fun value","Off the charts!","True","A scientific measure of how much joy and happiness this product will bring to your Old Western life. :)"
"329","29","General","Lifespan","~12 years","True","Estimated."
"330","29","General","Gold","Made of solid gold.","False","null"
"331","29","General","Quality","So high","False","null"
"332","29","Warranty","Manufacturer's Warranty - Rodeo","Lifetime Limited","False","null"
"333","29","Warranty","Manufacturer's Warranty - Yeehaw","Lifetime Limited","False","null"
"334","29","Other","UPC","600662538765","False","null"
"335","30","Key Specs","Desertproofing","120-Degree DPX8 Certified Desertproof","False","null"
"336","30","Key Specs","Horsepower","180","False","null"
"337","30","Key Specs","Invisibility","Yes","False","null"
"338","30","Key Specs","Tumbleweed Value","5000","True","How many tumbleweed do"
"339","30","Key Specs","Cowboy Enjoyment","Off the charts!","False","null"
"340","30","Key Specs","Outlaw Enjoyment","NOT for outlaw use","True","Please do not use this product for outlaw OR vigilante purposes."
"341","30","General","Fun value","Off the charts!","True","A scientific measure of how much joy and happiness this product will bring to your Old Western life. :)"
"342","30","General","Manufactured in USA","Ya darn tootin!","False","null"
"343","30","General","Suitable use","Rodeo, ranching, a fun Sunday with the family.","False","null"
"344","30","General","Gold","Made of solid gold.","False","null"
"345","30","General","Lifespan","~12 years","True","Estimated."
"346","30","General","Size","Biggish","False","null"
"347","30","Warranty","Manufacturer's Warranty - Giddyup","Lifetime Limited","False","null"
"348","30","Warranty","Manufacturer's Warranty - Yeehaw","Lifetime Limited","False","null"
"349","30","Other","UPC","600662538765","False","null"
"350","31","Key Specs","Horsepower","180","False","null"
"351","31","Key Specs","Like-The-Wind Compatible","100% Bullseye-compliant functionality","False","null"
"352","31","Key Specs","Outlaw Enjoyment","NOT for outlaw use","True","Please do not use this product for outlaw OR vigilante purposes."
"353","31","General","Fun value","Off the charts!","True","A scientific measure of how much joy and happiness this product will bring to your Old Western life. :)"
"354","31","General","Suitable use","Rodeo, ranching, a fun Sunday with the family.","False","null"
"355","31","General","Gold","Made of solid gold.","False","null"
"356","31","General","Lifespan","~12 years","True","Estimated."
"357","31","General","Manufactured in USA","Ya darn tootin!","False","null"
"358","31","General","Multicolor Options","Yes","False","null"
"359","31","Warranty","Manufacturer's Warranty - Rodeo","Lifetime Limited","False","null"
"360","31","Warranty","Manufacturer's Warranty - Giddyup","Lifetime Limited","False","null"
"361","31","Other","UPC","600662538765","False","null"
"362","32","Key Specs","Like-The-Wind Compatible","100% Bullseye-compliant functionality","False","null"
"363","32","Key Specs","Tumbleweed Value","5000","True","How many tumbleweed do"
"364","32","Key Specs","Outlaw Enjoyment","NOT for outlaw use","True","Please do not use this product for outlaw OR vigilante purposes."
"365","32","Key Specs","Cowboy Enjoyment","Off the charts!","False","null"
"366","32","Key Specs","Desertproofing","120-Degree DPX8 Certified Desertproof","False","null"
"367","32","Key Specs","Aliens Included","Yes","True","Denotes inclusion of aliens obtained from the recent Area 51 invasion."
"368","32","General","Lifespan","~12 years","True","Estimated."
"369","32","General","Suitable use","Rodeo, ranching, a fun Sunday with the family.","False","null"
"370","32","General","Quality","So high","False","null"
"371","32","General","Fun value","Off the charts!","True","A scientific measure of how much joy and happiness this product will bring to your Old Western life. :)"
"372","32","General","Manufactured in USA","Ya darn tootin!","False","null"
"373","32","General","Multicolor Options","Yes","False","null"
"374","32","Warranty","Manufacturer's Warranty - Rodeo","Lifetime Limited","False","null"
"375","32","Warranty","Manufacturer's Warranty - Yeehaw","Lifetime Limited","False","null"
"376","32","Other","UPC","600662538765","False","null"
"377","33","Key Specs","Tumbleweed Value","5000","True","How many tumbleweed do"
"378","33","Key Specs","Horsepower","180","False","null"
"379","33","Key Specs","Desertproofing","120-Degree DPX8 Certified Desertproof","False","null"
"380","33","Key Specs","Outlaw Enjoyment","NOT for outlaw use","True","Please do not use this product for outlaw OR vigilante purposes."
"381","33","Key Specs","Cowboy Enjoyment","Off the charts!","False","null"
"382","33","Key Specs","Aliens Included","Yes","True","Denotes inclusion of aliens obtained from the recent Area 51 invasion."
"383","33","General","Manufactured in USA","Ya darn tootin!","False","null"
"384","33","General","Multicolor Options","Yes","False","null"
"385","33","General","Quality","So high","False","null"
"386","33","Warranty","Manufacturer's Warranty - Giddyup","Lifetime Limited","False","null"
"387","33","Warranty","Manufacturer's Warranty - Rodeo","Lifetime Limited","False","null"
"388","33","Other","UPC","600662538765","False","null"
"389","34","Key Specs","Like-The-Wind Compatible","100% Bullseye-compliant functionality","False","null"
"390","34","Key Specs","Invisibility","Yes","False","null"
"391","34","Key Specs","Cowboy Enjoyment","Off the charts!","False","null"
"392","34","Key Specs","Aliens Included","Yes","True","Denotes inclusion of aliens obtained from the recent Area 51 invasion."
"393","34","General","Lifespan","~12 years","True","Estimated."
"394","34","General","Multicolor Options","Yes","False","null"
"395","34","General","Manufactured in USA","Ya darn tootin!","False","null"
"396","34","General","Suitable use","Rodeo, ranching, a fun Sunday with the family.","False","null"
"397","34","General","Size","Biggish","False","null"
"398","34","General","Gold","Made of solid gold.","False","null"
"399","34","General","Fun value","Off the charts!","True","A scientific measure of how much joy and happiness this product will bring to your Old Western life. :)"
"400","34","Warranty","Manufacturer's Warranty - Giddyup","Lifetime Limited","False","null"
"401","34","Other","UPC","600662538765","False","null"
"402","35","Key Specs","Horsepower","180","False","null"
"403","35","Key Specs","Cowboy Enjoyment","Off the charts!","False","null"
"404","35","Key Specs","Outlaw Enjoyment","NOT for outlaw use","True","Please do not use this product for outlaw OR vigilante purposes."
"405","35","Key Specs","Tumbleweed Value","5000","True","How many tumbleweed do"
"406","35","General","Quality","So high","False","null"
"407","35","General","Multicolor Options","Yes","False","null"
"408","35","General","Lifespan","~12 years","True","Estimated."
"409","35","Warranty","Manufacturer's Warranty - Yeehaw","Lifetime Limited","False","null"
"410","35","Warranty","Manufacturer's Warranty - Rodeo","Lifetime Limited","False","null"
"411","35","Other","UPC","600662538765","False","null"
"412","36","Key Specs","Outlaw Enjoyment","NOT for outlaw use","True","Please do not use this product for outlaw OR vigilante purposes."
"413","36","Key Specs","Cowboy Enjoyment","Off the charts!","False","null"
"414","36","Key Specs","Invisibility","Yes","False","null"
"415","36","Key Specs","Aliens Included","Yes","True","Denotes inclusion of aliens obtained from the recent Area 51 invasion."
"416","36","Key Specs","Desertproofing","120-Degree DPX8 Certified Desertproof","False","null"
"417","36","General","Multicolor Options","Yes","False","null"
"418","36","General","Fun value","Off the charts!","True","A scientific measure of how much joy and happiness this product will bring to your Old Western life. :)"
"419","36","General","Gold","Made of solid gold.","False","null"
"420","36","General","Manufactured in USA","Ya darn tootin!","False","null"
"421","36","General","Suitable use","Rodeo, ranching, a fun Sunday with the family.","False","null"
"422","36","General","Lifespan","~12 years","True","Estimated."
"423","36","Warranty","Manufacturer's Warranty - Yeehaw","Lifetime Limited","False","null"
"424","36","Other","UPC","600662538765","False","null"
"425","37","Key Specs","Tumbleweed Value","5000","True","How many tumbleweed do"
"426","37","Key Specs","Outlaw Enjoyment","NOT for outlaw use","True","Please do not use this product for outlaw OR vigilante purposes."
"427","37","Key Specs","Like-The-Wind Compatible","100% Bullseye-compliant functionality","False","null"
"428","37","Key Specs","Aliens Included","Yes","True","Denotes inclusion of aliens obtained from the recent Area 51 invasion."
"429","37","Key Specs","Horsepower","180","False","null"
"430","37","Key Specs","Invisibility","Yes","False","null"
"431","37","General","Fun value","Off the charts!","True","A scientific measure of how much joy and happiness this product will bring to your Old Western life. :)"
"432","37","General","Suitable use","Rodeo, ranching, a fun Sunday with the family.","False","null"
"433","37","General","Quality","So high","False","null"
"434","37","Warranty","Manufacturer's Warranty - Rodeo","Lifetime Limited","False","null"
"435","37","Warranty","Manufacturer's Warranty - Giddyup","Lifetime Limited","False","null"
"436","37","Other","UPC","600662538765","False","null"
"437","38","Key Specs","Horsepower","180","False","null"
"438","38","Key Specs","Outlaw Enjoyment","NOT for outlaw use","True","Please do not use this product for outlaw OR vigilante purposes."
"439","38","Key Specs","Desertproofing","120-Degree DPX8 Certified Desertproof","False","null"
"440","38","Key Specs","Cowboy Enjoyment","Off the charts!","False","null"
"441","38","General","Fun value","Off the charts!","True","A scientific measure of how much joy and happiness this product will bring to your Old Western life. :)"
"442","38","General","Gold","Made of solid gold.","False","null"
"443","38","General","Manufactured in USA","Ya darn tootin!","False","null"
"444","38","General","Suitable use","Rodeo, ranching, a fun Sunday with the family.","False","null"
"445","38","Warranty","Manufacturer's Warranty - Rodeo","Lifetime Limited","False","null"
"446","38","Warranty","Manufacturer's Warranty - Giddyup","Lifetime Limited","False","null"
"447","38","Other","UPC","600662538765","False","null"
"448","39","Key Specs","Like-The-Wind Compatible","100% Bullseye-compliant functionality","False","null"
"449","39","Key Specs","Aliens Included","Yes","True","Denotes inclusion of aliens obtained from the recent Area 51 invasion."
"450","39","Key Specs","Cowboy Enjoyment","Off the charts!","False","null"
"451","39","Key Specs","Horsepower","180","False","null"
"452","39","General","Manufactured in USA","Ya darn tootin!","False","null"
"453","39","General","Size","Biggish","False","null"
"454","39","General","Gold","Made of solid gold.","False","null"
"455","39","General","Lifespan","~12 years","True","Estimated."
"456","39","Warranty","Manufacturer's Warranty - Giddyup","Lifetime Limited","False","null"
"457","39","Warranty","Manufacturer's Warranty - Yeehaw","Lifetime Limited","False","null"
"458","39","Other","UPC","600662538765","False","null"
"459","40","Key Specs","Aliens Included","Yes","True","Denotes inclusion of aliens obtained from the recent Area 51 invasion."
"460","40","Key Specs","Outlaw Enjoyment","NOT for outlaw use","True","Please do not use this product for outlaw OR vigilante purposes."
"461","40","Key Specs","Cowboy Enjoyment","Off the charts!","False","null"
"462","40","Key Specs","Desertproofing","120-Degree DPX8 Certified Desertproof","False","null"
"463","40","General","Fun value","Off the charts!","True","A scientific measure of how much joy and happiness this product will bring to your Old Western life. :)"
"464","40","General","Gold","Made of solid gold.","False","null"
"465","40","Warranty","Manufacturer's Warranty - Rodeo","Lifetime Limited","False","null"
"466","40","Warranty","Manufacturer's Warranty - Yeehaw","Lifetime Limited","False","null"
"467","40","Other","UPC","600662538765","False","null"
"468","41","Key Specs","Aliens Included","Yes","True","Denotes inclusion of aliens obtained from the recent Area 51 invasion."
"469","41","Key Specs","Desertproofing","120-Degree DPX8 Certified Desertproof","False","null"
"470","41","Key Specs","Invisibility","Yes","False","null"
"471","41","Key Specs","Cowboy Enjoyment","Off the charts!","False","null"
"472","41","Key Specs","Like-The-Wind Compatible","100% Bullseye-compliant functionality","False","null"
"473","41","General","Lifespan","~12 years","True","Estimated."
"474","41","General","Manufactured in USA","Ya darn tootin!","False","null"
"475","41","General","Size","Biggish","False","null"
"476","41","General","Suitable use","Rodeo, ranching, a fun Sunday with the family.","False","null"
"477","41","Warranty","Manufacturer's Warranty - Rodeo","Lifetime Limited","False","null"
"478","41","Other","UPC","600662538765","False","null"
"479","42","Key Specs","Like-The-Wind Compatible","100% Bullseye-compliant functionality","False","null"
"480","42","Key Specs","Aliens Included","Yes","True","Denotes inclusion of aliens obtained from the recent Area 51 invasion."
"481","42","Key Specs","Cowboy Enjoyment","Off the charts!","False","null"
"482","42","Key Specs","Horsepower","180","False","null"
"483","42","Key Specs","Desertproofing","120-Degree DPX8 Certified Desertproof","False","null"
"484","42","General","Suitable use","Rodeo, ranching, a fun Sunday with the family.","False","null"
"485","42","General","Size","Biggish","False","null"
"486","42","General","Fun value","Off the charts!","True","A scientific measure of how much joy and happiness this product will bring to your Old Western life. :)"
"487","42","General","Multicolor Options","Yes","False","null"
"488","42","General","Manufactured in USA","Ya darn tootin!","False","null"
"489","42","General","Lifespan","~12 years","True","Estimated."
"490","42","General","Quality","So high","False","null"
"491","42","Warranty","Manufacturer's Warranty - Yeehaw","Lifetime Limited","False","null"
"492","42","Warranty","Manufacturer's Warranty - Giddyup","Lifetime Limited","False","null"
"493","42","Other","UPC","600662538765","False","null"
"494","43","Key Specs","Horsepower","180","False","null"
"495","43","Key Specs","Cowboy Enjoyment","Off the charts!","False","null"
"496","43","Key Specs","Invisibility","Yes","False","null"
"497","43","Key Specs","Tumbleweed Value","5000","True","How many tumbleweed do"
"498","43","Key Specs","Like-The-Wind Compatible","100% Bullseye-compliant functionality","False","null"
"499","43","General","Multicolor Options","Yes","False","null"
"500","43","General","Suitable use","Rodeo, ranching, a fun Sunday with the family.","False","null"
"501","43","General","Lifespan","~12 years","True","Estimated."
"502","43","General","Manufactured in USA","Ya darn tootin!","False","null"
"503","43","General","Quality","So high","False","null"
"504","43","General","Size","Biggish","False","null"
"505","43","Warranty","Manufacturer's Warranty - Rodeo","Lifetime Limited","False","null"
"506","43","Warranty","Manufacturer's Warranty - Yeehaw","Lifetime Limited","False","null"
"507","43","Other","UPC","600662538765","False","null"
"508","44","Key Specs","Cowboy Enjoyment","Off the charts!","False","null"
"509","44","Key Specs","Aliens Included","Yes","True","Denotes inclusion of aliens obtained from the recent Area 51 invasion."
"510","44","Key Specs","Tumbleweed Value","5000","True","How many tumbleweed do"
"511","44","Key Specs","Invisibility","Yes","False","null"
"512","44","General","Fun value","Off the charts!","True","A scientific measure of how much joy and happiness this product will bring to your Old Western life. :)"
"513","44","General","Lifespan","~12 years","True","Estimated."
"514","44","General","Quality","So high","False","null"
"515","44","Warranty","Manufacturer's Warranty - Yeehaw","Lifetime Limited","False","null"
"516","44","Warranty","Manufacturer's Warranty - Rodeo","Lifetime Limited","False","null"
"517","44","Other","UPC","600662538765","False","null"
"518","45","Key Specs","Tumbleweed Value","5000","True","How many tumbleweed do"
"519","45","Key Specs","Cowboy Enjoyment","Off the charts!","False","null"
"520","45","Key Specs","Outlaw Enjoyment","NOT for outlaw use","True","Please do not use this product for outlaw OR vigilante purposes."
"521","45","Key Specs","Desertproofing","120-Degree DPX8 Certified Desertproof","False","null"
"522","45","Key Specs","Like-The-Wind Compatible","100% Bullseye-compliant functionality","False","null"
"523","45","General","Manufactured in USA","Ya darn tootin!","False","null"
"524","45","General","Size","Biggish","False","null"
"525","45","General","Lifespan","~12 years","True","Estimated."
"526","45","General","Fun value","Off the charts!","True","A scientific measure of how much joy and happiness this product will bring to your Old Western life. :)"
"527","45","General","Quality","So high","False","null"
"528","45","General","Suitable use","Rodeo, ranching, a fun Sunday with the family.","False","null"
"529","45","General","Multicolor Options","Yes","False","null"
"530","45","Warranty","Manufacturer's Warranty - Giddyup","Lifetime Limited","False","null"
"531","45","Other","UPC","600662538765","False","null"
"532","46","Key Specs","Horsepower","180","False","null"
"533","46","Key Specs","Outlaw Enjoyment","NOT for outlaw use","True","Please do not use this product for outlaw OR vigilante purposes."
"534","46","Key Specs","Invisibility","Yes","False","null"
"535","46","Key Specs","Cowboy Enjoyment","Off the charts!","False","null"
"536","46","Key Specs","Desertproofing","120-Degree DPX8 Certified Desertproof","False","null"
"537","46","General","Fun value","Off the charts!","True","A scientific measure of how much joy and happiness this product will bring to your Old Western life. :)"
"538","46","General","Gold","Made of solid gold.","False","null"
"539","46","Warranty","Manufacturer's Warranty - Giddyup","Lifetime Limited","False","null"
"540","46","Other","UPC","600662538765","False","null"
"541","47","Key Specs","Tumbleweed Value","5000","True","How many tumbleweed do"
"542","47","Key Specs","Desertproofing","120-Degree DPX8 Certified Desertproof","False","null"
"543","47","Key Specs","Cowboy Enjoyment","Off the charts!","False","null"
"544","47","Key Specs","Invisibility","Yes","False","null"
"545","47","General","Multicolor Options","Yes","False","null"
"546","47","General","Suitable use","Rodeo, ranching, a fun Sunday with the family.","False","null"
"547","47","General","Lifespan","~12 years","True","Estimated."
"548","47","General","Manufactured in USA","Ya darn tootin!","False","null"
"549","47","General","Size","Biggish","False","null"
"550","47","Warranty","Manufacturer's Warranty - Yeehaw","Lifetime Limited","False","null"
"551","47","Warranty","Manufacturer's Warranty - Rodeo","Lifetime Limited","False","null"
"552","47","Other","UPC","600662538765","False","null"
"553","48","Key Specs","Outlaw Enjoyment","NOT for outlaw use","True","Please do not use this product for outlaw OR vigilante purposes."
"554","48","Key Specs","Cowboy Enjoyment","Off the charts!","False","null"
"555","48","Key Specs","Invisibility","Yes","False","null"
"556","48","Key Specs","Aliens Included","Yes","True","Denotes inclusion of aliens obtained from the recent Area 51 invasion."
"557","48","Key Specs","Horsepower","180","False","null"
"558","48","General","Suitable use","Rodeo, ranching, a fun Sunday with the family.","False","null"
"559","48","General","Multicolor Options","Yes","False","null"
"560","48","General","Fun value","Off the charts!","True","A scientific measure of how much joy and happiness this product will bring to your Old Western life. :)"
"561","48","General","Gold","Made of solid gold.","False","null"
"562","48","Warranty","Manufacturer's Warranty - Rodeo","Lifetime Limited","False","null"
"563","48","Warranty","Manufacturer's Warranty - Giddyup","Lifetime Limited","False","null"
"564","48","Other","UPC","600662538765","False","null"
"565","49","Key Specs","Desertproofing","120-Degree DPX8 Certified Desertproof","False","null"
"566","49","Key Specs","Invisibility","Yes","False","null"
"567","49","Key Specs","Horsepower","180","False","null"
"568","49","Key Specs","Cowboy Enjoyment","Off the charts!","False","null"
"569","49","General","Size","Biggish","False","null"
"570","49","General","Lifespan","~12 years","True","Estimated."
"571","49","General","Multicolor Options","Yes","False","null"
"572","49","Warranty","Manufacturer's Warranty - Rodeo","Lifetime Limited","False","null"
"573","49","Other","UPC","600662538765","False","null"
"574","50","Key Specs","Outlaw Enjoyment","NOT for outlaw use","True","Please do not use this product for outlaw OR vigilante purposes."
"575","50","Key Specs","Cowboy Enjoyment","Off the charts!","False","null"
"576","50","Key Specs","Invisibility","Yes","False","null"
"577","50","General","Gold","Made of solid gold.","False","null"
"578","50","General","Suitable use","Rodeo, ranching, a fun Sunday with the family.","False","null"
"579","50","General","Quality","So high","False","null"
"580","50","General","Fun value","Off the charts!","True","A scientific measure of how much joy and happiness this product will bring to your Old Western life. :)"
"581","50","Warranty","Manufacturer's Warranty - Yeehaw","Lifetime Limited","False","null"
"582","50","Warranty","Manufacturer's Warranty - Rodeo","Lifetime Limited","False","null"
"583","50","Other","UPC","600662538765","False","null"
"584","51","Key Specs","Like-The-Wind Compatible","100% Bullseye-compliant functionality","False","null"
"585","51","Key Specs","Horsepower","180","False","null"
"586","51","Key Specs","Desertproofing","120-Degree DPX8 Certified Desertproof","False","null"
"587","51","Key Specs","Outlaw Enjoyment","NOT for outlaw use","True","Please do not use this product for outlaw OR vigilante purposes."
"588","51","Key Specs","Invisibility","Yes","False","null"
"589","51","Key Specs","Cowboy Enjoyment","Off the charts!","False","null"
"590","51","General","Suitable use","Rodeo, ranching, a fun Sunday with the family.","False","null"
"591","51","General","Quality","So high","False","null"
"592","51","General","Gold","Made of solid gold.","False","null"
"593","51","General","Lifespan","~12 years","True","Estimated."
"594","51","Warranty","Manufacturer's Warranty - Yeehaw","Lifetime Limited","False","null"
"595","51","Other","UPC","600662538765","False","null"
"596","52","Key Specs","Desertproofing","120-Degree DPX8 Certified Desertproof","False","null"
"597","52","Key Specs","Horsepower","180","False","null"
"598","52","Key Specs","Cowboy Enjoyment","Off the charts!","False","null"
"599","52","Key Specs","Outlaw Enjoyment","NOT for outlaw use","True","Please do not use this product for outlaw OR vigilante purposes."
"600","52","Key Specs","Aliens Included","Yes","True","Denotes inclusion of aliens obtained from the recent Area 51 invasion."
"601","52","General","Lifespan","~12 years","True","Estimated."
"602","52","General","Fun value","Off the charts!","True","A scientific measure of how much joy and happiness this product will bring to your Old Western life. :)"
"603","52","General","Quality","So high","False","null"
"604","52","General","Multicolor Options","Yes","False","null"
"605","52","General","Suitable use","Rodeo, ranching, a fun Sunday with the family.","False","null"
"606","52","General","Manufactured in USA","Ya darn tootin!","False","null"
"607","52","Warranty","Manufacturer's Warranty - Rodeo","Lifetime Limited","False","null"
"608","52","Other","UPC","600662538765","False","null"
"609","53","Key Specs","Invisibility","Yes","False","null"
"610","53","Key Specs","Aliens Included","Yes","True","Denotes inclusion of aliens obtained from the recent Area 51 invasion."
"611","53","Key Specs","Like-The-Wind Compatible","100% Bullseye-compliant functionality","False","null"
"612","53","Key Specs","Horsepower","180","False","null"
"613","53","Key Specs","Tumbleweed Value","5000","True","How many tumbleweed do"
"614","53","Key Specs","Cowboy Enjoyment","Off the charts!","False","null"
"615","53","General","Lifespan","~12 years","True","Estimated."
"616","53","General","Quality","So high","False","null"
"617","53","General","Size","Biggish","False","null"
"618","53","General","Suitable use","Rodeo, ranching, a fun Sunday with the family.","False","null"
"619","53","General","Multicolor Options","Yes","False","null"
"620","53","General","Manufactured in USA","Ya darn tootin!","False","null"
"621","53","Warranty","Manufacturer's Warranty - Rodeo","Lifetime Limited","False","null"
"622","53","Other","UPC","600662538765","False","null"
"623","54","Key Specs","Desertproofing","120-Degree DPX8 Certified Desertproof","False","null"
"624","54","Key Specs","Outlaw Enjoyment","NOT for outlaw use","True","Please do not use this product for outlaw OR vigilante purposes."
"625","54","Key Specs","Like-The-Wind Compatible","100% Bullseye-compliant functionality","False","null"
"626","54","Key Specs","Horsepower","180","False","null"
"627","54","Key Specs","Aliens Included","Yes","True","Denotes inclusion of aliens obtained from the recent Area 51 invasion."
"628","54","General","Fun value","Off the charts!","True","A scientific measure of how much joy and happiness this product will bring to your Old Western life. :)"
"629","54","General","Multicolor Options","Yes","False","null"
"630","54","General","Gold","Made of solid gold.","False","null"
"631","54","General","Size","Biggish","False","null"
"632","54","General","Quality","So high","False","null"
"633","54","Warranty","Manufacturer's Warranty - Rodeo","Lifetime Limited","False","null"
"634","54","Other","UPC","600662538765","False","null"
"635","55","Key Specs","Like-The-Wind Compatible","100% Bullseye-compliant functionality","False","null"
"636","55","Key Specs","Aliens Included","Yes","True","Denotes inclusion of aliens obtained from the recent Area 51 invasion."
"637","55","Key Specs","Outlaw Enjoyment","NOT for outlaw use","True","Please do not use this product for outlaw OR vigilante purposes."
"638","55","General","Manufactured in USA","Ya darn tootin!","False","null"
"639","55","General","Gold","Made of solid gold.","False","null"
"640","55","General","Quality","So high","False","null"
"641","55","General","Multicolor Options","Yes","False","null"
"642","55","General","Suitable use","Rodeo, ranching, a fun Sunday with the family.","False","null"
"643","55","Warranty","Manufacturer's Warranty - Yeehaw","Lifetime Limited","False","null"
"644","55","Warranty","Manufacturer's Warranty - Rodeo","Lifetime Limited","False","null"
"645","55","Other","UPC","600662538765","False","null"
"646","56","Key Specs","Cowboy Enjoyment","Off the charts!","False","null"
"647","56","Key Specs","Outlaw Enjoyment","NOT for outlaw use","True","Please do not use this product for outlaw OR vigilante purposes."
"648","56","Key Specs","Invisibility","Yes","False","null"
"649","56","Key Specs","Horsepower","180","False","null"
"650","56","General","Quality","So high","False","null"
"651","56","General","Lifespan","~12 years","True","Estimated."
"652","56","General","Manufactured in USA","Ya darn tootin!","False","null"
"653","56","Warranty","Manufacturer's Warranty - Giddyup","Lifetime Limited","False","null"
"654","56","Other","UPC","600662538765","False","null"
"655","57","Key Specs","Aliens Included","Yes","True","Denotes inclusion of aliens obtained from the recent Area 51 invasion."
"656","57","Key Specs","Invisibility","Yes","False","null"
"657","57","Key Specs","Like-The-Wind Compatible","100% Bullseye-compliant functionality","False","null"
"658","57","General","Quality","So high","False","null"
"659","57","General","Fun value","Off the charts!","True","A scientific measure of how much joy and happiness this product will bring to your Old Western life. :)"
"660","57","General","Suitable use","Rodeo, ranching, a fun Sunday with the family.","False","null"
"661","57","General","Lifespan","~12 years","True","Estimated."
"662","57","General","Multicolor Options","Yes","False","null"
"663","57","General","Gold","Made of solid gold.","False","null"
"664","57","General","Size","Biggish","False","null"
"665","57","Warranty","Manufacturer's Warranty - Giddyup","Lifetime Limited","False","null"
"666","57","Other","UPC","600662538765","False","null"
"667","58","Key Specs","Desertproofing","120-Degree DPX8 Certified Desertproof","False","null"
"668","58","Key Specs","Horsepower","180","False","null"
"669","58","Key Specs","Invisibility","Yes","False","null"
"670","58","General","Multicolor Options","Yes","False","null"
"671","58","General","Quality","So high","False","null"
"672","58","General","Manufactured in USA","Ya darn tootin!","False","null"
"673","58","Warranty","Manufacturer's Warranty - Rodeo","Lifetime Limited","False","null"
"674","58","Other","UPC","600662538765","False","null"
"675","59","Key Specs","Invisibility","Yes","False","null"
"676","59","Key Specs","Horsepower","180","False","null"
"677","59","Key Specs","Cowboy Enjoyment","Off the charts!","False","null"
"678","59","Key Specs","Aliens Included","Yes","True","Denotes inclusion of aliens obtained from the recent Area 51 invasion."
"679","59","General","Suitable use","Rodeo, ranching, a fun Sunday with the family.","False","null"
"680","59","General","Lifespan","~12 years","True","Estimated."
"681","59","Warranty","Manufacturer's Warranty - Rodeo","Lifetime Limited","False","null"
"682","59","Warranty","Manufacturer's Warranty - Giddyup","Lifetime Limited","False","null"
"683","59","Other","UPC","600662538765","False","null"
"684","60","Key Specs","Aliens Included","Yes","True","Denotes inclusion of aliens obtained from the recent Area 51 invasion."
"685","60","Key Specs","Horsepower","180","False","null"
"686","60","Key Specs","Tumbleweed Value","5000","True","How many tumbleweed do"
"687","60","Key Specs","Cowboy Enjoyment","Off the charts!","False","null"
"688","60","Key Specs","Desertproofing","120-Degree DPX8 Certified Desertproof","False","null"
"689","60","General","Multicolor Options","Yes","False","null"
"690","60","General","Fun value","Off the charts!","True","A scientific measure of how much joy and happiness this product will bring to your Old Western life. :)"
"691","60","Warranty","Manufacturer's Warranty - Rodeo","Lifetime Limited","False","null"
"692","60","Other","UPC","600662538765","False","null"
"693","61","Key Specs","Aliens Included","Yes","True","Denotes inclusion of aliens obtained from the recent Area 51 invasion."
"694","61","Key Specs","Cowboy Enjoyment","Off the charts!","False","null"
"695","61","Key Specs","Tumbleweed Value","5000","True","How many tumbleweed do"
"696","61","Key Specs","Like-The-Wind Compatible","100% Bullseye-compliant functionality","False","null"
"697","61","Key Specs","Desertproofing","120-Degree DPX8 Certified Desertproof","False","null"
"698","61","Key Specs","Horsepower","180","False","null"
"699","61","General","Lifespan","~12 years","True","Estimated."
"700","61","General","Manufactured in USA","Ya darn tootin!","False","null"
"701","61","General","Suitable use","Rodeo, ranching, a fun Sunday with the family.","False","null"
"702","61","General","Multicolor Options","Yes","False","null"
"703","61","General","Size","Biggish","False","null"
"704","61","Warranty","Manufacturer's Warranty - Giddyup","Lifetime Limited","False","null"
"705","61","Warranty","Manufacturer's Warranty - Rodeo","Lifetime Limited","False","null"
"706","61","Other","UPC","600662538765","False","null"
"707","62","Key Specs","Desertproofing","120-Degree DPX8 Certified Desertproof","False","null"
"708","62","Key Specs","Horsepower","180","False","null"
"709","62","Key Specs","Outlaw Enjoyment","NOT for outlaw use","True","Please do not use this product for outlaw OR vigilante purposes."
"710","62","Key Specs","Like-The-Wind Compatible","100% Bullseye-compliant functionality","False","null"
"711","62","General","Lifespan","~12 years","True","Estimated."
"712","62","General","Suitable use","Rodeo, ranching, a fun Sunday with the family.","False","null"
"713","62","General","Size","Biggish","False","null"
"714","62","General","Multicolor Options","Yes","False","null"
"715","62","General","Fun value","Off the charts!","True","A scientific measure of how much joy and happiness this product will bring to your Old Western life. :)"
"716","62","General","Quality","So high","False","null"
"717","62","General","Manufactured in USA","Ya darn tootin!","False","null"
"718","62","Warranty","Manufacturer's Warranty - Yeehaw","Lifetime Limited","False","null"
"719","62","Other","UPC","600662538765","False","null"
"720","63","Key Specs","Cowboy Enjoyment","Off the charts!","False","null"
"721","63","Key Specs","Desertproofing","120-Degree DPX8 Certified Desertproof","False","null"
"722","63","Key Specs","Outlaw Enjoyment","NOT for outlaw use","True","Please do not use this product for outlaw OR vigilante purposes."
"723","63","Key Specs","Aliens Included","Yes","True","Denotes inclusion of aliens obtained from the recent Area 51 invasion."
"724","63","Key Specs","Horsepower","180","False","null"
"725","63","Key Specs","Invisibility","Yes","False","null"
"726","63","General","Suitable use","Rodeo, ranching, a fun Sunday with the family.","False","null"
"727","63","General","Fun value","Off the charts!","True","A scientific measure of how much joy and happiness this product will bring to your Old Western life. :)"
"728","63","General","Size","Biggish","False","null"
"729","63","General","Quality","So high","False","null"
"730","63","General","Manufactured in USA","Ya darn tootin!","False","null"
"731","63","General","Lifespan","~12 years","True","Estimated."
"732","63","Warranty","Manufacturer's Warranty - Rodeo","Lifetime Limited","False","null"
"733","63","Warranty","Manufacturer's Warranty - Giddyup","Lifetime Limited","False","null"
"734","63","Other","UPC","600662538765","False","null"
"735","64","Key Specs","Tumbleweed Value","5000","True","How many tumbleweed do"
"736","64","Key Specs","Aliens Included","Yes","True","Denotes inclusion of aliens obtained from the recent Area 51 invasion."
"737","64","Key Specs","Desertproofing","120-Degree DPX8 Certified Desertproof","False","null"
"738","64","Key Specs","Like-The-Wind Compatible","100% Bullseye-compliant functionality","False","null"
"739","64","Key Specs","Horsepower","180","False","null"
"740","64","Key Specs","Cowboy Enjoyment","Off the charts!","False","null"
"741","64","General","Lifespan","~12 years","True","Estimated."
"742","64","General","Suitable use","Rodeo, ranching, a fun Sunday with the family.","False","null"
"743","64","General","Fun value","Off the charts!","True","A scientific measure of how much joy and happiness this product will bring to your Old Western life. :)"
"744","64","Warranty","Manufacturer's Warranty - Giddyup","Lifetime Limited","False","null"
"745","64","Warranty","Manufacturer's Warranty - Yeehaw","Lifetime Limited","False","null"
"746","64","Other","UPC","600662538765","False","null"
"747","65","Key Specs","Like-The-Wind Compatible","100% Bullseye-compliant functionality","False","null"
"748","65","Key Specs","Cowboy Enjoyment","Off the charts!","False","null"
"749","65","Key Specs","Horsepower","180","False","null"
"750","65","Key Specs","Tumbleweed Value","5000","True","How many tumbleweed do"
"751","65","Key Specs","Outlaw Enjoyment","NOT for outlaw use","True","Please do not use this product for outlaw OR vigilante purposes."
"752","65","Key Specs","Aliens Included","Yes","True","Denotes inclusion of aliens obtained from the recent Area 51 invasion."
"753","65","General","Multicolor Options","Yes","False","null"
"754","65","General","Quality","So high","False","null"
"755","65","Warranty","Manufacturer's Warranty - Rodeo","Lifetime Limited","False","null"
"756","65","Warranty","Manufacturer's Warranty - Giddyup","Lifetime Limited","False","null"
"757","65","Other","UPC","600662538765","False","null"
"758","66","Key Specs","Cowboy Enjoyment","Off the charts!","False","null"
"759","66","Key Specs","Outlaw Enjoyment","NOT for outlaw use","True","Please do not use this product for outlaw OR vigilante purposes."
"760","66","Key Specs","Horsepower","180","False","null"
"761","66","General","Gold","Made of solid gold.","False","null"
"762","66","General","Fun value","Off the charts!","True","A scientific measure of how much joy and happiness this product will bring to your Old Western life. :)"
"763","66","General","Manufactured in USA","Ya darn tootin!","False","null"
"764","66","General","Size","Biggish","False","null"
"765","66","Warranty","Manufacturer's Warranty - Yeehaw","Lifetime Limited","False","null"
"766","66","Other","UPC","600662538765","False","null"
"767","67","Key Specs","Aliens Included","Yes","True","Denotes inclusion of aliens obtained from the recent Area 51 invasion."
"768","67","Key Specs","Desertproofing","120-Degree DPX8 Certified Desertproof","False","null"
"769","67","Key Specs","Outlaw Enjoyment","NOT for outlaw use","True","Please do not use this product for outlaw OR vigilante purposes."
"770","67","General","Gold","Made of solid gold.","False","null"
"771","67","General","Suitable use","Rodeo, ranching, a fun Sunday with the family.","False","null"
"772","67","General","Quality","So high","False","null"
"773","67","General","Manufactured in USA","Ya darn tootin!","False","null"
"774","67","General","Multicolor Options","Yes","False","null"
"775","67","General","Size","Biggish","False","null"
"776","67","General","Fun value","Off the charts!","True","A scientific measure of how much joy and happiness this product will bring to your Old Western life. :)"
"777","67","Warranty","Manufacturer's Warranty - Rodeo","Lifetime Limited","False","null"
"778","67","Warranty","Manufacturer's Warranty - Yeehaw","Lifetime Limited","False","null"
"779","67","Other","UPC","600662538765","False","null"
"780","68","Key Specs","Cowboy Enjoyment","Off the charts!","False","null"
"781","68","Key Specs","Horsepower","180","False","null"
"782","68","Key Specs","Desertproofing","120-Degree DPX8 Certified Desertproof","False","null"
"783","68","Key Specs","Tumbleweed Value","5000","True","How many tumbleweed do"
"784","68","Key Specs","Invisibility","Yes","False","null"
"785","68","General","Multicolor Options","Yes","False","null"
"786","68","General","Lifespan","~12 years","True","Estimated."
"787","68","Warranty","Manufacturer's Warranty - Rodeo","Lifetime Limited","False","null"
"788","68","Other","UPC","600662538765","False","null"
"789","69","Key Specs","Desertproofing","120-Degree DPX8 Certified Desertproof","False","null"
"790","69","Key Specs","Aliens Included","Yes","True","Denotes inclusion of aliens obtained from the recent Area 51 invasion."
"791","69","Key Specs","Invisibility","Yes","False","null"
"792","69","General","Size","Biggish","False","null"
"793","69","General","Fun value","Off the charts!","True","A scientific measure of how much joy and happiness this product will bring to your Old Western life. :)"
"794","69","General","Lifespan","~12 years","True","Estimated."
"795","69","General","Quality","So high","False","null"
"796","69","General","Suitable use","Rodeo, ranching, a fun Sunday with the family.","False","null"
"797","69","General","Manufactured in USA","Ya darn tootin!","False","null"
"798","69","General","Gold","Made of solid gold.","False","null"
"799","69","Warranty","Manufacturer's Warranty - Giddyup","Lifetime Limited","False","null"
"800","69","Other","UPC","600662538765","False","null"
"801","70","Key Specs","Aliens Included","Yes","True","Denotes inclusion of aliens obtained from the recent Area 51 invasion."
"802","70","Key Specs","Outlaw Enjoyment","NOT for outlaw use","True","Please do not use this product for outlaw OR vigilante purposes."
"803","70","Key Specs","Invisibility","Yes","False","null"
"804","70","Key Specs","Desertproofing","120-Degree DPX8 Certified Desertproof","False","null"
"805","70","General","Fun value","Off the charts!","True","A scientific measure of how much joy and happiness this product will bring to your Old Western life. :)"
"806","70","General","Manufactured in USA","Ya darn tootin!","False","null"
"807","70","General","Size","Biggish","False","null"
"808","70","General","Multicolor Options","Yes","False","null"
"809","70","Warranty","Manufacturer's Warranty - Yeehaw","Lifetime Limited","False","null"
"810","70","Warranty","Manufacturer's Warranty - Rodeo","Lifetime Limited","False","null"
"811","70","Other","UPC","600662538765","False","null"
"812","71","Key Specs","Like-The-Wind Compatible","100% Bullseye-compliant functionality","False","null"
"813","71","Key Specs","Cowboy Enjoyment","Off the charts!","False","null"
"814","71","Key Specs","Tumbleweed Value","5000","True","How many tumbleweed do"
"815","71","Key Specs","Horsepower","180","False","null"
"816","71","Key Specs","Invisibility","Yes","False","null"
"817","71","General","Manufactured in USA","Ya darn tootin!","False","null"
"818","71","General","Multicolor Options","Yes","False","null"
"819","71","General","Quality","So high","False","null"
"820","71","General","Gold","Made of solid gold.","False","null"
"821","71","General","Size","Biggish","False","null"
"822","71","Warranty","Manufacturer's Warranty - Giddyup","Lifetime Limited","False","null"
"823","71","Warranty","Manufacturer's Warranty - Rodeo","Lifetime Limited","False","null"
"824","71","Other","UPC","600662538765","False","null"
"825","72","Key Specs","Horsepower","180","False","null"
"826","72","Key Specs","Aliens Included","Yes","True","Denotes inclusion of aliens obtained from the recent Area 51 invasion."
"827","72","Key Specs","Cowboy Enjoyment","Off the charts!","False","null"
"828","72","Key Specs","Like-The-Wind Compatible","100% Bullseye-compliant functionality","False","null"
"829","72","Key Specs","Outlaw Enjoyment","NOT for outlaw use","True","Please do not use this product for outlaw OR vigilante purposes."
"830","72","General","Multicolor Options","Yes","False","null"
"831","72","General","Lifespan","~12 years","True","Estimated."
"832","72","Warranty","Manufacturer's Warranty - Yeehaw","Lifetime Limited","False","null"
"833","72","Other","UPC","600662538765","False","null"
"834","73","Key Specs","Desertproofing","120-Degree DPX8 Certified Desertproof","False","null"
"835","73","Key Specs","Invisibility","Yes","False","null"
"836","73","Key Specs","Horsepower","180","False","null"
"837","73","Key Specs","Aliens Included","Yes","True","Denotes inclusion of aliens obtained from the recent Area 51 invasion."
"838","73","Key Specs","Outlaw Enjoyment","NOT for outlaw use","True","Please do not use this product for outlaw OR vigilante purposes."
"839","73","Key Specs","Like-The-Wind Compatible","100% Bullseye-compliant functionality","False","null"
"840","73","General","Size","Biggish","False","null"
"841","73","General","Multicolor Options","Yes","False","null"
"842","73","General","Manufactured in USA","Ya darn tootin!","False","null"
"843","73","General","Fun value","Off the charts!","True","A scientific measure of how much joy and happiness this product will bring to your Old Western life. :)"
"844","73","Warranty","Manufacturer's Warranty - Rodeo","Lifetime Limited","False","null"
"845","73","Warranty","Manufacturer's Warranty - Yeehaw","Lifetime Limited","False","null"
"846","73","Other","UPC","600662538765","False","null"
"847","74","Key Specs","Horsepower","180","False","null"
"848","74","Key Specs","Outlaw Enjoyment","NOT for outlaw use","True","Please do not use this product for outlaw OR vigilante purposes."
"849","74","Key Specs","Like-The-Wind Compatible","100% Bullseye-compliant functionality","False","null"
"850","74","Key Specs","Cowboy Enjoyment","Off the charts!","False","null"
"851","74","General","Quality","So high","False","null"
"852","74","General","Lifespan","~12 years","True","Estimated."
"853","74","Warranty","Manufacturer's Warranty - Rodeo","Lifetime Limited","False","null"
"854","74","Other","UPC","600662538765","False","null"
"855","75","Key Specs","Horsepower","180","False","null"
"856","75","Key Specs","Outlaw Enjoyment","NOT for outlaw use","True","Please do not use this product for outlaw OR vigilante purposes."
"857","75","Key Specs","Tumbleweed Value","5000","True","How many tumbleweed do"
"858","75","Key Specs","Desertproofing","120-Degree DPX8 Certified Desertproof","False","null"
"859","75","General","Lifespan","~12 years","True","Estimated."
"860","75","General","Manufactured in USA","Ya darn tootin!","False","null"
"861","75","General","Fun value","Off the charts!","True","A scientific measure of how much joy and happiness this product will bring to your Old Western life. :)"
"862","75","General","Gold","Made of solid gold.","False","null"
"863","75","General","Suitable use","Rodeo, ranching, a fun Sunday with the family.","False","null"
"864","75","General","Size","Biggish","False","null"
"865","75","General","Multicolor Options","Yes","False","null"
"866","75","Warranty","Manufacturer's Warranty - Rodeo","Lifetime Limited","False","null"
"867","75","Other","UPC","600662538765","False","null"
"868","76","Key Specs","Outlaw Enjoyment","NOT for outlaw use","True","Please do not use this product for outlaw OR vigilante purposes."
"869","76","Key Specs","Cowboy Enjoyment","Off the charts!","False","null"
"870","76","Key Specs","Tumbleweed Value","5000","True","How many tumbleweed do"
"871","76","Key Specs","Desertproofing","120-Degree DPX8 Certified Desertproof","False","null"
"872","76","Key Specs","Horsepower","180","False","null"
"873","76","General","Fun value","Off the charts!","True","A scientific measure of how much joy and happiness this product will bring to your Old Western life. :)"
"874","76","General","Gold","Made of solid gold.","False","null"
"875","76","General","Multicolor Options","Yes","False","null"
"876","76","Warranty","Manufacturer's Warranty - Yeehaw","Lifetime Limited","False","null"
"877","76","Other","UPC","600662538765","False","null"
"878","77","Key Specs","Invisibility","Yes","False","null"
"879","77","Key Specs","Like-The-Wind Compatible","100% Bullseye-compliant functionality","False","null"
"880","77","Key Specs","Outlaw Enjoyment","NOT for outlaw use","True","Please do not use this product for outlaw OR vigilante purposes."
"881","77","Key Specs","Horsepower","180","False","null"
"882","77","General","Fun value","Off the charts!","True","A scientific measure of how much joy and happiness this product will bring to your Old Western life. :)"
"883","77","General","Suitable use","Rodeo, ranching, a fun Sunday with the family.","False","null"
"884","77","General","Size","Biggish","False","null"
"885","77","General","Multicolor Options","Yes","False","null"
"886","77","General","Gold","Made of solid gold.","False","null"
"887","77","General","Lifespan","~12 years","True","Estimated."
"888","77","General","Quality","So high","False","null"
"889","77","Warranty","Manufacturer's Warranty - Yeehaw","Lifetime Limited","False","null"
"890","77","Warranty","Manufacturer's Warranty - Rodeo","Lifetime Limited","False","null"
"891","77","Other","UPC","600662538765","False","null"
"892","78","Key Specs","Invisibility","Yes","False","null"
"893","78","Key Specs","Aliens Included","Yes","True","Denotes inclusion of aliens obtained from the recent Area 51 invasion."
"894","78","Key Specs","Horsepower","180","False","null"
"895","78","General","Quality","So high","False","null"
"896","78","General","Manufactured in USA","Ya darn tootin!","False","null"
"897","78","General","Multicolor Options","Yes","False","null"
"898","78","General","Size","Biggish","False","null"
"899","78","General","Suitable use","Rodeo, ranching, a fun Sunday with the family.","False","null"
"900","78","Warranty","Manufacturer's Warranty - Giddyup","Lifetime Limited","False","null"
"901","78","Other","UPC","600662538765","False","null"
"902","79","Key Specs","Aliens Included","Yes","True","Denotes inclusion of aliens obtained from the recent Area 51 invasion."
"903","79","Key Specs","Invisibility","Yes","False","null"
"904","79","Key Specs","Tumbleweed Value","5000","True","How many tumbleweed do"
"905","79","Key Specs","Cowboy Enjoyment","Off the charts!","False","null"
"906","79","General","Manufactured in USA","Ya darn tootin!","False","null"
"907","79","General","Suitable use","Rodeo, ranching, a fun Sunday with the family.","False","null"
"908","79","General","Lifespan","~12 years","True","Estimated."
"909","79","General","Multicolor Options","Yes","False","null"
"910","79","General","Fun value","Off the charts!","True","A scientific measure of how much joy and happiness this product will bring to your Old Western life. :)"
"911","79","Warranty","Manufacturer's Warranty - Giddyup","Lifetime Limited","False","null"
"912","79","Warranty","Manufacturer's Warranty - Rodeo","Lifetime Limited","False","null"
"913","79","Other","UPC","600662538765","False","null"
"914","80","Key Specs","Aliens Included","Yes","True","Denotes inclusion of aliens obtained from the recent Area 51 invasion."
"915","80","Key Specs","Horsepower","180","False","null"
"916","80","Key Specs","Desertproofing","120-Degree DPX8 Certified Desertproof","False","null"
"917","80","Key Specs","Tumbleweed Value","5000","True","How many tumbleweed do"
"918","80","Key Specs","Like-The-Wind Compatible","100% Bullseye-compliant functionality","False","null"
"919","80","General","Fun value","Off the charts!","True","A scientific measure of how much joy and happiness this product will bring to your Old Western life. :)"
"920","80","General","Lifespan","~12 years","True","Estimated."
"921","80","Warranty","Manufacturer's Warranty - Giddyup","Lifetime Limited","False","null"
"922","80","Warranty","Manufacturer's Warranty - Yeehaw","Lifetime Limited","False","null"
"923","80","Other","UPC","600662538765","False","null"
"924","81","Key Specs","Aliens Included","Yes","True","Denotes inclusion of aliens obtained from the recent Area 51 invasion."
"925","81","Key Specs","Horsepower","180","False","null"
"926","81","Key Specs","Tumbleweed Value","5000","True","How many tumbleweed do"
"927","81","Key Specs","Outlaw Enjoyment","NOT for outlaw use","True","Please do not use this product for outlaw OR vigilante purposes."
"928","81","General","Quality","So high","False","null"
"929","81","General","Gold","Made of solid gold.","False","null"
"930","81","General","Lifespan","~12 years","True","Estimated."
"931","81","General","Size","Biggish","False","null"
"932","81","General","Fun value","Off the charts!","True","A scientific measure of how much joy and happiness this product will bring to your Old Western life. :)"
"933","81","Warranty","Manufacturer's Warranty - Giddyup","Lifetime Limited","False","null"
"934","81","Other","UPC","600662538765","False","null"
"935","82","Key Specs","Horsepower","180","False","null"
"936","82","Key Specs","Cowboy Enjoyment","Off the charts!","False","null"
"937","82","Key Specs","Desertproofing","120-Degree DPX8 Certified Desertproof","False","null"
"938","82","Key Specs","Like-The-Wind Compatible","100% Bullseye-compliant functionality","False","null"
"939","82","General","Multicolor Options","Yes","False","null"
"940","82","General","Manufactured in USA","Ya darn tootin!","False","null"
"941","82","General","Quality","So high","False","null"
"942","82","General","Size","Biggish","False","null"
"943","82","General","Lifespan","~12 years","True","Estimated."
"944","82","Warranty","Manufacturer's Warranty - Rodeo","Lifetime Limited","False","null"
"945","82","Other","UPC","600662538765","False","null"
"946","83","Key Specs","Cowboy Enjoyment","Off the charts!","False","null"
"947","83","Key Specs","Horsepower","180","False","null"
"948","83","Key Specs","Tumbleweed Value","5000","True","How many tumbleweed do"
"949","83","Key Specs","Invisibility","Yes","False","null"
"950","83","Key Specs","Like-The-Wind Compatible","100% Bullseye-compliant functionality","False","null"
"951","83","Key Specs","Desertproofing","120-Degree DPX8 Certified Desertproof","False","null"
"952","83","General","Suitable use","Rodeo, ranching, a fun Sunday with the family.","False","null"
"953","83","General","Size","Biggish","False","null"
"954","83","General","Manufactured in USA","Ya darn tootin!","False","null"
"955","83","General","Multicolor Options","Yes","False","null"
"956","83","Warranty","Manufacturer's Warranty - Rodeo","Lifetime Limited","False","null"
"957","83","Other","UPC","600662538765","False","null"
"958","84","Key Specs","Tumbleweed Value","5000","True","How many tumbleweed do"
"959","84","Key Specs","Desertproofing","120-Degree DPX8 Certified Desertproof","False","null"
"960","84","Key Specs","Invisibility","Yes","False","null"
"961","84","Key Specs","Horsepower","180","False","null"
"962","84","Key Specs","Aliens Included","Yes","True","Denotes inclusion of aliens obtained from the recent Area 51 invasion."
"963","84","General","Fun value","Off the charts!","True","A scientific measure of how much joy and happiness this product will bring to your Old Western life. :)"
"964","84","General","Lifespan","~12 years","True","Estimated."
"965","84","General","Size","Biggish","False","null"
"966","84","General","Multicolor Options","Yes","False","null"
"967","84","General","Quality","So high","False","null"
"968","84","General","Suitable use","Rodeo, ranching, a fun Sunday with the family.","False","null"
"969","84","General","Manufactured in USA","Ya darn tootin!","False","null"
"970","84","Warranty","Manufacturer's Warranty - Rodeo","Lifetime Limited","False","null"
"971","84","Warranty","Manufacturer's Warranty - Yeehaw","Lifetime Limited","False","null"
"972","84","Other","UPC","600662538765","False","null"
"973","85","Key Specs","Cowboy Enjoyment","Off the charts!","False","null"
"974","85","Key Specs","Tumbleweed Value","5000","True","How many tumbleweed do"
"975","85","Key Specs","Like-The-Wind Compatible","100% Bullseye-compliant functionality","False","null"
"976","85","Key Specs","Horsepower","180","False","null"
"977","85","Key Specs","Outlaw Enjoyment","NOT for outlaw use","True","Please do not use this product for outlaw OR vigilante purposes."
"978","85","Key Specs","Desertproofing","120-Degree DPX8 Certified Desertproof","False","null"
"979","85","General","Multicolor Options","Yes","False","null"
"980","85","General","Manufactured in USA","Ya darn tootin!","False","null"
"981","85","Warranty","Manufacturer's Warranty - Rodeo","Lifetime Limited","False","null"
"982","85","Warranty","Manufacturer's Warranty - Giddyup","Lifetime Limited","False","null"
"983","85","Other","UPC","600662538765","False","null"
"984","86","Key Specs","Aliens Included","Yes","True","Denotes inclusion of aliens obtained from the recent Area 51 invasion."
"985","86","Key Specs","Invisibility","Yes","False","null"
"986","86","Key Specs","Cowboy Enjoyment","Off the charts!","False","null"
"987","86","Key Specs","Like-The-Wind Compatible","100% Bullseye-compliant functionality","False","null"
"988","86","Key Specs","Tumbleweed Value","5000","True","How many tumbleweed do"
"989","86","Key Specs","Desertproofing","120-Degree DPX8 Certified Desertproof","False","null"
"990","86","General","Suitable use","Rodeo, ranching, a fun Sunday with the family.","False","null"
"991","86","General","Gold","Made of solid gold.","False","null"
"992","86","Warranty","Manufacturer's Warranty - Giddyup","Lifetime Limited","False","null"
"993","86","Other","UPC","600662538765","False","null"
"994","87","Key Specs","Cowboy Enjoyment","Off the charts!","False","null"
"995","87","Key Specs","Invisibility","Yes","False","null"
"996","87","Key Specs","Outlaw Enjoyment","NOT for outlaw use","True","Please do not use this product for outlaw OR vigilante purposes."
"997","87","Key Specs","Like-The-Wind Compatible","100% Bullseye-compliant functionality","False","null"
"998","87","General","Quality","So high","False","null"
"999","87","General","Fun value","Off the charts!","True","A scientific measure of how much joy and happiness this product will bring to your Old Western life. :)"
"1000","87","General","Suitable use","Rodeo, ranching, a fun Sunday with the family.","False","null"
"1001","87","General","Lifespan","~12 years","True","Estimated."
"1002","87","General","Multicolor Options","Yes","False","null"
"1003","87","Warranty","Manufacturer's Warranty - Yeehaw","Lifetime Limited","False","null"
"1004","87","Other","UPC","600662538765","False","null"
"1005","88","Key Specs","Like-The-Wind Compatible","100% Bullseye-compliant functionality","False","null"
"1006","88","Key Specs","Aliens Included","Yes","True","Denotes inclusion of aliens obtained from the recent Area 51 invasion."
"1007","88","Key Specs","Horsepower","180","False","null"
"1008","88","Key Specs","Cowboy Enjoyment","Off the charts!","False","null"
"1009","88","Key Specs","Invisibility","Yes","False","null"
"1010","88","Key Specs","Desertproofing","120-Degree DPX8 Certified Desertproof","False","null"
"1011","88","General","Multicolor Options","Yes","False","null"
"1012","88","General","Quality","So high","False","null"
"1013","88","General","Size","Biggish","False","null"
"1014","88","General","Suitable use","Rodeo, ranching, a fun Sunday with the family.","False","null"
"1015","88","General","Lifespan","~12 years","True","Estimated."
"1016","88","General","Gold","Made of solid gold.","False","null"
"1017","88","Warranty","Manufacturer's Warranty - Yeehaw","Lifetime Limited","False","null"
"1018","88","Warranty","Manufacturer's Warranty - Rodeo","Lifetime Limited","False","null"
"1019","88","Other","UPC","600662538765","False","null"
"1020","89","Key Specs","Like-The-Wind Compatible","100% Bullseye-compliant functionality","False","null"
"1021","89","Key Specs","Tumbleweed Value","5000","True","How many tumbleweed do"
"1022","89","Key Specs","Invisibility","Yes","False","null"
"1023","89","General","Quality","So high","False","null"
"1024","89","General","Gold","Made of solid gold.","False","null"
"1025","89","General","Fun value","Off the charts!","True","A scientific measure of how much joy and happiness this product will bring to your Old Western life. :)"
"1026","89","Warranty","Manufacturer's Warranty - Giddyup","Lifetime Limited","False","null"
"1027","89","Other","UPC","600662538765","False","null"
"1028","90","Key Specs","Invisibility","Yes","False","null"
"1029","90","Key Specs","Like-The-Wind Compatible","100% Bullseye-compliant functionality","False","null"
"1030","90","Key Specs","Cowboy Enjoyment","Off the charts!","False","null"
"1031","90","Key Specs","Horsepower","180","False","null"
"1032","90","Key Specs","Aliens Included","Yes","True","Denotes inclusion of aliens obtained from the recent Area 51 invasion."
"1033","90","Key Specs","Desertproofing","120-Degree DPX8 Certified Desertproof","False","null"
"1034","90","General","Suitable use","Rodeo, ranching, a fun Sunday with the family.","False","null"
"1035","90","General","Fun value","Off the charts!","True","A scientific measure of how much joy and happiness this product will bring to your Old Western life. :)"
"1036","90","Warranty","Manufacturer's Warranty - Giddyup","Lifetime Limited","False","null"
"1037","90","Other","UPC","600662538765","False","null"
"1038","91","Key Specs","Like-The-Wind Compatible","100% Bullseye-compliant functionality","False","null"
"1039","91","Key Specs","Invisibility","Yes","False","null"
"1040","91","Key Specs","Desertproofing","120-Degree DPX8 Certified Desertproof","False","null"
"1041","91","Key Specs","Aliens Included","Yes","True","Denotes inclusion of aliens obtained from the recent Area 51 invasion."
"1042","91","Key Specs","Tumbleweed Value","5000","True","How many tumbleweed do"
"1043","91","Key Specs","Outlaw Enjoyment","NOT for outlaw use","True","Please do not use this product for outlaw OR vigilante purposes."
"1044","91","General","Gold","Made of solid gold.","False","null"
"1045","91","General","Multicolor Options","Yes","False","null"
"1046","91","General","Size","Biggish","False","null"
"1047","91","General","Quality","So high","False","null"
"1048","91","General","Manufactured in USA","Ya darn tootin!","False","null"
"1049","91","General","Fun value","Off the charts!","True","A scientific measure of how much joy and happiness this product will bring to your Old Western life. :)"
"1050","91","Warranty","Manufacturer's Warranty - Giddyup","Lifetime Limited","False","null"
"1051","91","Warranty","Manufacturer's Warranty - Yeehaw","Lifetime Limited","False","null"
"1052","91","Other","UPC","600662538765","False","null"
"1053","92","Key Specs","Horsepower","180","False","null"
"1054","92","Key Specs","Outlaw Enjoyment","NOT for outlaw use","True","Please do not use this product for outlaw OR vigilante purposes."
"1055","92","Key Specs","Aliens Included","Yes","True","Denotes inclusion of aliens obtained from the recent Area 51 invasion."
"1056","92","Key Specs","Tumbleweed Value","5000","True","How many tumbleweed do"
"1057","92","General","Multicolor Options","Yes","False","null"
"1058","92","General","Lifespan","~12 years","True","Estimated."
"1059","92","Warranty","Manufacturer's Warranty - Rodeo","Lifetime Limited","False","null"
"1060","92","Other","UPC","600662538765","False","null"
"1061","93","Key Specs","Cowboy Enjoyment","Off the charts!","False","null"
"1062","93","Key Specs","Horsepower","180","False","null"
"1063","93","Key Specs","Aliens Included","Yes","True","Denotes inclusion of aliens obtained from the recent Area 51 invasion."
"1064","93","Key Specs","Outlaw Enjoyment","NOT for outlaw use","True","Please do not use this product for outlaw OR vigilante purposes."
"1065","93","General","Manufactured in USA","Ya darn tootin!","False","null"
"1066","93","General","Fun value","Off the charts!","True","A scientific measure of how much joy and happiness this product will bring to your Old Western life. :)"
"1067","93","General","Suitable use","Rodeo, ranching, a fun Sunday with the family.","False","null"
"1068","93","General","Quality","So high","False","null"
"1069","93","Warranty","Manufacturer's Warranty - Rodeo","Lifetime Limited","False","null"
"1070","93","Warranty","Manufacturer's Warranty - Giddyup","Lifetime Limited","False","null"
"1071","93","Other","UPC","600662538765","False","null"
"1072","94","Key Specs","Outlaw Enjoyment","NOT for outlaw use","True","Please do not use this product for outlaw OR vigilante purposes."
"1073","94","Key Specs","Horsepower","180","False","null"
"1074","94","Key Specs","Desertproofing","120-Degree DPX8 Certified Desertproof","False","null"
"1075","94","Key Specs","Aliens Included","Yes","True","Denotes inclusion of aliens obtained from the recent Area 51 invasion."
"1076","94","Key Specs","Tumbleweed Value","5000","True","How many tumbleweed do"
"1077","94","Key Specs","Like-The-Wind Compatible","100% Bullseye-compliant functionality","False","null"
"1078","94","General","Quality","So high","False","null"
"1079","94","General","Gold","Made of solid gold.","False","null"
"1080","94","General","Fun value","Off the charts!","True","A scientific measure of how much joy and happiness this product will bring to your Old Western life. :)"
"1081","94","General","Size","Biggish","False","null"
"1082","94","General","Multicolor Options","Yes","False","null"
"1083","94","General","Suitable use","Rodeo, ranching, a fun Sunday with the family.","False","null"
"1084","94","General","Lifespan","~12 years","True","Estimated."
"1085","94","Warranty","Manufacturer's Warranty - Yeehaw","Lifetime Limited","False","null"
"1086","94","Warranty","Manufacturer's Warranty - Giddyup","Lifetime Limited","False","null"
"1087","94","Other","UPC","600662538765","False","null"
"1088","95","Key Specs","Invisibility","Yes","False","null"
"1089","95","Key Specs","Desertproofing","120-Degree DPX8 Certified Desertproof","False","null"
"1090","95","Key Specs","Tumbleweed Value","5000","True","How many tumbleweed do"
"1091","95","Key Specs","Like-The-Wind Compatible","100% Bullseye-compliant functionality","False","null"
"1092","95","General","Suitable use","Rodeo, ranching, a fun Sunday with the family.","False","null"
"1093","95","General","Lifespan","~12 years","True","Estimated."
"1094","95","General","Gold","Made of solid gold.","False","null"
"1095","95","General","Fun value","Off the charts!","True","A scientific measure of how much joy and happiness this product will bring to your Old Western life. :)"
"1096","95","General","Quality","So high","False","null"
"1097","95","Warranty","Manufacturer's Warranty - Yeehaw","Lifetime Limited","False","null"
"1098","95","Warranty","Manufacturer's Warranty - Rodeo","Lifetime Limited","False","null"
"1099","95","Other","UPC","600662538765","False","null"
"1100","96","Key Specs","Outlaw Enjoyment","NOT for outlaw use","True","Please do not use this product for outlaw OR vigilante purposes."
"1101","96","Key Specs","Like-The-Wind Compatible","100% Bullseye-compliant functionality","False","null"
"1102","96","Key Specs","Invisibility","Yes","False","null"
"1103","96","Key Specs","Tumbleweed Value","5000","True","How many tumbleweed do"
"1104","96","General","Lifespan","~12 years","True","Estimated."
"1105","96","General","Multicolor Options","Yes","False","null"
"1106","96","General","Gold","Made of solid gold.","False","null"
"1107","96","General","Size","Biggish","False","null"
"1108","96","General","Fun value","Off the charts!","True","A scientific measure of how much joy and happiness this product will bring to your Old Western life. :)"
"1109","96","General","Manufactured in USA","Ya darn tootin!","False","null"
"1110","96","General","Quality","So high","False","null"
"1111","96","Warranty","Manufacturer's Warranty - Rodeo","Lifetime Limited","False","null"
"1112","96","Warranty","Manufacturer's Warranty - Giddyup","Lifetime Limited","False","null"
"1113","96","Other","UPC","600662538765","False","null"
"1114","97","Key Specs","Outlaw Enjoyment","NOT for outlaw use","True","Please do not use this product for outlaw OR vigilante purposes."
"1115","97","Key Specs","Tumbleweed Value","5000","True","How many tumbleweed do"
"1116","97","Key Specs","Desertproofing","120-Degree DPX8 Certified Desertproof","False","null"
"1117","97","Key Specs","Invisibility","Yes","False","null"
"1118","97","Key Specs","Aliens Included","Yes","True","Denotes inclusion of aliens obtained from the recent Area 51 invasion."
"1119","97","General","Size","Biggish","False","null"
"1120","97","General","Suitable use","Rodeo, ranching, a fun Sunday with the family.","False","null"
"1121","97","General","Manufactured in USA","Ya darn tootin!","False","null"
"1122","97","General","Lifespan","~12 years","True","Estimated."
"1123","97","General","Gold","Made of solid gold.","False","null"
"1124","97","General","Multicolor Options","Yes","False","null"
"1125","97","Warranty","Manufacturer's Warranty - Giddyup","Lifetime Limited","False","null"
"1126","97","Warranty","Manufacturer's Warranty - Yeehaw","Lifetime Limited","False","null"
"1127","97","Other","UPC","600662538765","False","null"
"1128","98","Key Specs","Desertproofing","120-Degree DPX8 Certified Desertproof","False","null"
"1129","98","Key Specs","Aliens Included","Yes","True","Denotes inclusion of aliens obtained from the recent Area 51 invasion."
"1130","98","Key Specs","Outlaw Enjoyment","NOT for outlaw use","True","Please do not use this product for outlaw OR vigilante purposes."
"1131","98","General","Gold","Made of solid gold.","False","null"
"1132","98","General","Fun value","Off the charts!","True","A scientific measure of how much joy and happiness this product will bring to your Old Western life. :)"
"1133","98","Warranty","Manufacturer's Warranty - Giddyup","Lifetime Limited","False","null"
"1134","98","Other","UPC","600662538765","False","null"
"1135","99","Key Specs","Like-The-Wind Compatible","100% Bullseye-compliant functionality","False","null"
"1136","99","Key Specs","Desertproofing","120-Degree DPX8 Certified Desertproof","False","null"
"1137","99","Key Specs","Invisibility","Yes","False","null"
"1138","99","Key Specs","Aliens Included","Yes","True","Denotes inclusion of aliens obtained from the recent Area 51 invasion."
"1139","99","Key Specs","Cowboy Enjoyment","Off the charts!","False","null"
"1140","99","General","Multicolor Options","Yes","False","null"
"1141","99","General","Suitable use","Rodeo, ranching, a fun Sunday with the family.","False","null"
"1142","99","General","Fun value","Off the charts!","True","A scientific measure of how much joy and happiness this product will bring to your Old Western life. :)"
"1143","99","General","Size","Biggish","False","null"
"1144","99","Warranty","Manufacturer's Warranty - Yeehaw","Lifetime Limited","False","null"
"1145","99","Warranty","Manufacturer's Warranty - Giddyup","Lifetime Limited","False","null"
"1146","99","Other","UPC","600662538765","False","null"
"1147","100","Key Specs","Desertproofing","120-Degree DPX8 Certified Desertproof","False","null"
"1148","100","Key Specs","Aliens Included","Yes","True","Denotes inclusion of aliens obtained from the recent Area 51 invasion."
"1149","100","Key Specs","Horsepower","180","False","null"
"1150","100","Key Specs","Like-The-Wind Compatible","100% Bullseye-compliant functionality","False","null"
"1151","100","Key Specs","Cowboy Enjoyment","Off the charts!","False","null"
"1152","100","Key Specs","Outlaw Enjoyment","NOT for outlaw use","True","Please do not use this product for outlaw OR vigilante purposes."
"1153","100","General","Manufactured in USA","Ya darn tootin!","False","null"
"1154","100","General","Size","Biggish","False","null"
"1155","100","General","Gold","Made of solid gold.","False","null"
"1156","100","General","Fun value","Off the charts!","True","A scientific measure of how much joy and happiness this product will bring to your Old Western life. :)"
"1157","100","General","Lifespan","~12 years","True","Estimated."
"1158","100","General","Suitable use","Rodeo, ranching, a fun Sunday with the family.","False","null"
"1159","100","General","Multicolor Options","Yes","False","null"
"1160","100","Warranty","Manufacturer's Warranty - Giddyup","Lifetime Limited","False","null"
"1161","100","Other","UPC","600662538765","False","null"
